,SITE_ID,FACILITYID,WATERCOURSE,SYSTEM_CHAINAGE_OLD,SYSTEM_CHAINAGE_NEW,INFRASTRUCTURE_TYPE,PUBLIC_OR_PRIVATE_PUMP_STATION,SIZE_,MATERIAL,GENERAL_CONDITION,CORROSION_PROTECTION,DATE_ASSESSED,NOTE,GEOTECHNICAL_OBSERVATION,DATASHEET_LINK,CRE_DATE,MOD_DATE,Latitude,Longitude
0,LN-5661-L,1001762446,Nicomekl River,5+630,5+661,Pump Station,Public,,,Some parts poor (see general observation),, 28-MAR-12 3:29 PM,Pump station with: 3 x 610 mm CM floodboxes (a defective hinge on the most upstream flap gate; other floodboxes fair condition and corrosion protection).  3 x 1220 mm CM floodboxes and  2 undocumented floodboxes pumping at the time of site visit (condition unclear as the infrastructure were submerged during the site visit),,http://cosmos.surrey.ca/geo_ref/Images/Drainage/DykeInfrastructure/LN-5661-L.pdf,,,49.082275,-122.770325
1,LN-4845-L,1001762447,Nicomekl River,4+480,4+845,Floodbox,,1060,CM,Poor,Poor, 28-MAR-12 3:44 PM,"Broken floodbox; holes observed on floodbox (updated with pers. comm., Golder and City of Surrey, May 15, 2012) ",,http://cosmos.surrey.ca/geo_ref/Images/Drainage/DykeInfrastructure/LN-4845-L.pdf,,,49.078125,-122.779114
2,LN-4840-L,1001762448,Nicomekl River,4+475,4+840,Floodbox,,,,Not thoroughly inspected - Submerged,n/a, 28-MAR-12 3:44 PM,Undocumented in CoS as-built drawings; only headwall visible during site visit,,http://cosmos.surrey.ca/geo_ref/Images/Drainage/DykeInfrastructure/LN-4840-L.pdf,,,49.078125,-122.779175
3,LN-4685-L,1001762449,Nicomekl River,4+680,4+685,Pump Station,Private,,,,, 28-MAR-12 3:50 PM,Pump station with: 1 x 100 mm PVC culvert (fair condition).  No nearby public path access to pump station; dyke inaccessible from 168th street. ,,http://cosmos.surrey.ca/geo_ref/Images/Drainage/DykeInfrastructure/LN-4685-L.pdf,,,49.077881,-122.781311
4,LN-4623-R,1001762450,Nicomekl River,4+620,4+623,Floodbox,,900,CM,Fair,Fair, 28-MAR-12 3:59 PM,,,http://cosmos.surrey.ca/geo_ref/Images/Drainage/DykeInfrastructure/LN-4623-R.pdf,,,49.078491,-122.781677
5,LN-4604-R,1001762451,Nicomekl River,4+600,4+604,Culvert,,100,PVC,Fair,n/a, 28-MAR-12 4:01 PM,Undocumented in CoS as-built drawings,,http://cosmos.surrey.ca/geo_ref/Images/Drainage/DykeInfrastructure/LN-4604-R.pdf,,,49.078674,-122.781982
6,LN-4438-L,1001762452,Nicomekl River,4+445,4+438,Floodbox,,420,CM,Fair,Fair, 28-MAR-12 4:07 PM,,,http://cosmos.surrey.ca/geo_ref/Images/Drainage/DykeInfrastructure/LN-4438-L.pdf,,,49.078491,-122.784119
7,LN-4341-L,1001762453,Nicomekl River,4+335,4+341,Floodbox,,610,CM,Fair,Fair, 28-MAR-12 4:12 PM,,,http://cosmos.surrey.ca/geo_ref/Images/Drainage/DykeInfrastructure/LN-4341-L.pdf,,,49.078308,-122.785522
8,US-15978-L,1001762454,Serpentine River,3+230,15+978,Pump Station,Public,,,,, 08-MAR-12 1:59 PM,"Pump station with: 2 x 900 mm CM floodboxes (different from CoS as-built drawings that shows only 1 x 900 mm, fair condition and corrosion protection), 1 x 1200 mm CM floodbox (fair condition and corrosion protection), 2 spillways. ",,http://cosmos.surrey.ca/geo_ref/Images/Drainage/DykeInfrastructure/US-15978-L.pdf,,,49.158875,-122.728394
9,US-15753-L,1001762455,Serpentine River,3+470,15+753,Floodbox,,500,n/a,Not located,n/a, 08-MAR-12 2:16 PM,,,http://cosmos.surrey.ca/geo_ref/Images/Drainage/DykeInfrastructure/US-15753-L.pdf,,,49.157288,-122.727112
10,US-15745-R,1001762456,Serpentine River,3+470,15+745,Floodbox,,800,HDPE,Fair,n/a, 08-MAR-12 2:01 PM,,,http://cosmos.surrey.ca/geo_ref/Images/Drainage/DykeInfrastructure/US-15745-R.pdf,,,49.157288,-122.726990
11,US-15542-R,1001762457,Serpentine River,3+680,15+542,Floodbox,,1050,n/a,Not located,n/a, 08-MAR-12 2:24 PM,,,http://cosmos.surrey.ca/geo_ref/Images/Drainage/DykeInfrastructure/US-15542-R.pdf,,,49.155273,-122.726624
12,BC-940-L,1001762458,Bear Creek Tie-in,2+520,n/a,Fence,,,,,, 26-MAR-12 3:50 PM,Fence poles on dyke; no barbed wire,,http://cosmos.surrey.ca/geo_ref/Images/Drainage/DykeInfrastructure/BC-940-L.pdf,,,49.133484,-122.789795
13,BC-860-R,1001762459,Bear Creek Tie-in,2+600,n/a,Floodbox,,760,CSP,Fair,Fair, 26-MAR-12 3:39 PM,,,http://cosmos.surrey.ca/geo_ref/Images/Drainage/DykeInfrastructure/BC-860-R.pdf,,,49.132874,-122.790283
14,BC-750-R,1001762460,Bear Creek Tie-in,2+710,n/a,Pump Station,Private,,,,, 26-MAR-12 3:39 PM,Pump station with: 1 x 150 mm PVC culvert with cap at the end,,http://cosmos.surrey.ca/geo_ref/Images/Drainage/DykeInfrastructure/BC-750-R.pdf,,,49.131897,-122.790100
15,BC-500-R,1001762461,Bear Creek Tie-in,2+960,n/a,Culvert,,300,CSP,Not Located,n/a, 26-MAR-12 3:39 PM,,,http://cosmos.surrey.ca/geo_ref/Images/Drainage/DykeInfrastructure/BC-500-R.pdf,,,49.129700,-122.790283
16,BC-370-R,1001762462,Bear Creek Tie-in,3+090,n/a,Culvert,,1050,CSP,Not Located,n/a, 26-MAR-12 3:39 PM,,,http://cosmos.surrey.ca/geo_ref/Images/Drainage/DykeInfrastructure/BC-370-R.pdf,,,49.128479,-122.790222
17,BC-160-R,1001762463,Bear Creek Tie-in,3+300,n/a,Culvert,,100,PVC,Fair,n/a, 26-MAR-12 3:19 PM,,,http://cosmos.surrey.ca/geo_ref/Images/Drainage/DykeInfrastructure/BC-160-R.pdf,,,49.126709,-122.790100
18,BC-161-R,1001762464,Bear Creek Tie-in,3+300,n/a,Floodbox,,n/a,n/a,Not thoroughly inspected - Submerged,n/a, 26-MAR-12 3:19 PM,,,http://cosmos.surrey.ca/geo_ref/Images/Drainage/DykeInfrastructure/BC-161-R.pdf,,,49.126709,-122.790100
19,BC-162-R,1001762465,Bear Creek Tie-in,3+300,n/a,Floodbox,,n/a,n/a,Not thoroughly inspected - Submerged,n/a, 26-MAR-12 3:19 PM,,,http://cosmos.surrey.ca/geo_ref/Images/Drainage/DykeInfrastructure/BC-162-R.pdf,,,49.126709,-122.790100
20,BC-150-R,1001762466,Bear Creek Tie-in,3+310,n/a,Pump Station,Public,,,,, 26-MAR-12 3:15 PM,Pump station with: 2 x 900 mm CM floodboxes (fair condition and corrosion protection),,http://cosmos.surrey.ca/geo_ref/Images/Drainage/DykeInfrastructure/BC-150-R.pdf,,,49.126526,-122.790100
21,BC-140-R,1001762467,Bear Creek Tie-in,3+320,,Culvert,,760,CSP,Not Located,n/a, 26-MAR-12 3:19 PM,,,http://cosmos.surrey.ca/geo_ref/Images/Drainage/DykeInfrastructure/BC-140-R.pdf,,,49.126526,-122.790100
22,BC-120-R,1001762468,Bear Creek Tie-in,3+340,n/a,Pump Station,Private,,,,, 26-MAR-12 5:21 PM,"Pump station with: 1 x 300 mm PVC floodbox (fair condition), pump intake observed in the river",,http://cosmos.surrey.ca/geo_ref/Images/Drainage/DykeInfrastructure/BC-120-R.pdf,,,49.126282,-122.789978
23,S168-50-L,1001762469,168th Street South Canal,n/a,n/a,Spillway,,,,,, 29-MAR-12 5:14 PM,,,http://cosmos.surrey.ca/geo_ref/Images/Drainage/DykeInfrastructure/S168-50-L.pdf,,,49.131531,-122.757080
24,N168-185-R,1001762470,168th Street North Canal,n/a,n/a,Spillway,,,,,, 29-MAR-12 5:44 PM,,,http://cosmos.surrey.ca/geo_ref/Images/Drainage/DykeInfrastructure/N168-185-R.pdf,,,49.133911,-122.757080
25,LS-5777-L,1001762471,Serpentine River,13+480,5+777,Floodbox,,910,HDPE,Fair,n/a, 09-MAR-12 12:35 PM,,,http://cosmos.surrey.ca/geo_ref/Images/Drainage/DykeInfrastructure/LS-5777-L.pdf,,,49.094116,-122.778809
26,LS-5770-R,1001762472,Serpentine River,13+500,5+770,Floodbox,,800,CSP,Fair,Fair, 09-MAR-12 12:35 PM,,,http://cosmos.surrey.ca/geo_ref/Images/Drainage/DykeInfrastructure/LS-5770-R.pdf,,,49.094299,-122.779114
27,LS-5765-R,1001762473,Serpentine River,13+510,5+765,Fence,,,,,, 09-MAR-12 12:49 PM,Fence across dyke making access difficult; property noted with several dogs running free in the area,,http://cosmos.surrey.ca/geo_ref/Images/Drainage/DykeInfrastructure/LS-5765-R.pdf,,,49.094482,-122.779175
28,US-15346-R,1001762474,Serpentine River,3+880,15+346,Pump Station,Private,,,,, 08-MAR-12 2:44 PM,Pump station with: 1 x 800 mm PVC floodbox (fair condition and corrosion protection); different from CoS as-built drawings which shows HDPE floodbox,,http://cosmos.surrey.ca/geo_ref/Images/Drainage/DykeInfrastructure/US-15346-R.pdf,,,49.153687,-122.726196
29,US-15338-L,1001762475,Serpentine River,3+880,15+338,Floodbox,,600,CSP,Poor,Poor, 08-MAR-12 2:24 PM,"Broken floodbox; holes observed on floodbox (updated with pers. comm., Golder and City of Surrey, May 15, 2012) ",,http://cosmos.surrey.ca/geo_ref/Images/Drainage/DykeInfrastructure/US-15338-L.pdf,,,49.153503,-122.725891
30,US-15133-L,1001762476,Serpentine River,4+100,15+133,Floodbox,,310,n/a,Not located,n/a, 08-MAR-12 2:52 PM,,,http://cosmos.surrey.ca/geo_ref/Images/Drainage/DykeInfrastructure/US-15133-L.pdf,,,49.151672,-122.726501
31,US-15114-R,1001762477,Serpentine River,4+100,15+114,Floodbox,,800,HDPE,Fair,n/a, 08-MAR-12 2:52 PM,,,http://cosmos.surrey.ca/geo_ref/Images/Drainage/DykeInfrastructure/US-15114-R.pdf,,,49.151672,-122.726807
32,US-14948-R,1001762478,Serpentine River,4+270,14+948,Floodbox,,800,HDPE,Fair,n/a, 08-MAR-12 3:02 PM,,,http://cosmos.surrey.ca/geo_ref/Images/Drainage/DykeInfrastructure/US-14948-R.pdf,,,49.150513,-122.728088
33,US-14854-R,1001762479,Serpentine River,4+360,14+854,Floodbox,,900,HDPE,Fair,n/a, 08-MAR-12 3:23 PM,,,http://cosmos.surrey.ca/geo_ref/Images/Drainage/DykeInfrastructure/US-14854-R.pdf,,,49.149719,-122.728699
34,US-14638-L,1001762480,Serpentine River,4+580,14+638,Floodbox,,1000,CSP,Not located,n/a, 08-MAR-12 3:16 PM,,,http://cosmos.surrey.ca/geo_ref/Images/Drainage/DykeInfrastructure/US-14638-L.pdf,,,49.148071,-122.730225
35,US-14639-L,1001762481,Serpentine River,4+580,14+639,Floodbox,,1000,CSP,Not located,n/a, 08-MAR-12 3:16 PM,,,http://cosmos.surrey.ca/geo_ref/Images/Drainage/DykeInfrastructure/US-14639-L.pdf,,,49.148071,-122.730225
36,US-14603-R,1001762482,Serpentine River,4+620,14+603,Floodbox,,600,CSP,Poor,Poor, 08-MAR-12 3:35 PM,"Broken floodbox; holes observed on floodbox (updated with pers. comm., Golder and City of Surrey, May 15, 2012) ",,http://cosmos.surrey.ca/geo_ref/Images/Drainage/DykeInfrastructure/US-14603-R.pdf,,,49.147888,-122.730591
37,US-14514-R,1001762483,Serpentine River,4+720,14+514,Floodbox,,n/a,n/a,Not located,n/a, 08-MAR-12 3:35 PM,,,http://cosmos.surrey.ca/geo_ref/Images/Drainage/DykeInfrastructure/US-14514-R.pdf,,,49.147278,-122.731201
38,US-14405-L,1001762484,Serpentine River,4+810,14+405,Floodbox,,1000,CSP,Fair,Fair, 08-MAR-12 3:38 PM,,,http://cosmos.surrey.ca/geo_ref/Images/Drainage/DykeInfrastructure/US-14405-L.pdf,,,49.146301,-122.731812
39,LN-4125-R,1001762485,Nicomekl River,4+120,4+125,Floodbox,,900,HDPE,Fair,n/a, 28-MAR-12 4:19 PM,CoS as-built drawing shows existing floodbox as 1060 mm CM instead of the observed 900 mm HDPE,,http://cosmos.surrey.ca/geo_ref/Images/Drainage/DykeInfrastructure/LN-4125-R.pdf,,,49.080078,-122.786926
40,LN-4074-L,1001762486,Nicomekl River,4+060,4+074,Floodbox,,910,CM,Fair,Fair, 28-MAR-12 4:22 PM,,,http://cosmos.surrey.ca/geo_ref/Images/Drainage/DykeInfrastructure/LN-4074-L.pdf,,,49.079712,-122.787598
41,LN-3985-R,1001762487,Nicomekl River,3+980,3+985,Floodbox,,900,HDPE,Fair,n/a, 28-MAR-12 4:41 PM,,,http://cosmos.surrey.ca/geo_ref/Images/Drainage/DykeInfrastructure/LN-3985-R.pdf,,,49.079529,-122.788513
42,LS-5442-L,1001762488,Serpentine River,13+830,5+442,Floodbox,,900,CSP,Not thoroughly inspected - Submerged,n/a, 09-MAR-12 1:06 PM,,,http://cosmos.surrey.ca/geo_ref/Images/Drainage/DykeInfrastructure/LS-5442-L.pdf,,,49.092102,-122.781982
43,LS-5432-R,1001762489,Serpentine River,13+840,5+432,Floodbox,,1000,CSP,Fair,Fair, 09-MAR-12 1:06 PM,Minor rusting observed,,http://cosmos.surrey.ca/geo_ref/Images/Drainage/DykeInfrastructure/LS-5432-R.pdf,,,49.092285,-122.782410
44,LS-5205-L,1001762490,Serpentine River,14+060,5+205,Floodbox,,900,CSP,Not thoroughly inspected - Vegetation,n/a, 09-MAR-12 1:18 PM,flap gate intact,,http://cosmos.surrey.ca/geo_ref/Images/Drainage/DykeInfrastructure/LS-5205-L.pdf,,,49.090271,-122.783997
45,LS-5096-L,1001762491,Serpentine River,14+160,5+096,Pump Station,Public,,,,, 09-MAR-12 1:22 PM,Pump station with: 1 x 2040 mm CSP floodbox (only flap gate visible; fair condition and corrosion protection on the flap gate),,http://cosmos.surrey.ca/geo_ref/Images/Drainage/DykeInfrastructure/LS-5096-L.pdf,,,49.090088,-122.785583
46,LS-4864-L,1001762492,Serpentine River,14+390,4+864,Floodbox,,900,CSP,Not thoroughly inspected - Submerged,n/a, 09-MAR-12 1:32 PM,,,http://cosmos.surrey.ca/geo_ref/Images/Drainage/DykeInfrastructure/LS-4864-L.pdf,,,49.092285,-122.786621
47,LS-4595-R,1001762493,Serpentine River,14+670,4+595,Pump Station,Private,,,,, 09-MAR-12 1:52 PM,Pump station with: 1 x 150 mm flexible hose (fair condition),,http://cosmos.surrey.ca/geo_ref/Images/Drainage/DykeInfrastructure/LS-4595-R.pdf,,,49.094910,-122.786499
48,LS-4543-R,1001762494,Serpentine River,14+710,4+543,Fence,,,,,, 09-MAR-12 2:00 PM,"Fence gate across dyke, dyke is assessable by foot traffic",,http://cosmos.surrey.ca/geo_ref/Images/Drainage/DykeInfrastructure/LS-4543-R.pdf,,,49.095093,-122.787109
49,LS-4525-R,1001762495,Serpentine River,14+730,4+525,Pump Station,Public,,,,, 09-MAR-12 2:04 PM,Pump station with: 1 x 1000 mm CSP floodbox (condition unclear as infrastructure was submerged),,http://cosmos.surrey.ca/geo_ref/Images/Drainage/DykeInfrastructure/LS-4525-R.pdf,,,49.095093,-122.787292
50,LS-4431-R,1001762496,Serpentine River,14+840,4+431,Pump Station,Private,,,,, 09-MAR-12 2:08 PM,Pump station with: 100 mm flexible hose (fair condition); flow was observed to spill onto the toe of the dyke on the wet side,,http://cosmos.surrey.ca/geo_ref/Images/Drainage/DykeInfrastructure/LS-4431-R.pdf,,,49.095703,-122.788391
51,LS-4313-L,1001762497,Serpentine River,14+940,4+313,Floodbox,,910,,Not thoroughly inspected - Submerged,n/a, 09-MAR-12 2:21 PM,flap gate intact,,http://cosmos.surrey.ca/geo_ref/Images/Drainage/DykeInfrastructure/LS-4313-L.pdf,,,49.095703,-122.789978
52,LS-4307-R,1001762498,Serpentine River,14+940,4+307,Fence,,,,,, 09-MAR-12 2:19 PM,"Documented fence alongside dyke, but not across crest",,http://cosmos.surrey.ca/geo_ref/Images/Drainage/DykeInfrastructure/LS-4307-R.pdf,,,49.096130,-122.789978
53,LS-4229-R,1001762499,Serpentine River,15+030,4+229,Pump Station,Private,,,,, 09-MAR-12 2:25 PM,Pump station with: 1 x 80 mm flexible hose and 1 x 100 mm flexible hose (fair condition),,http://cosmos.surrey.ca/geo_ref/Images/Drainage/DykeInfrastructure/LS-4229-R.pdf,,,49.095886,-122.791077
54,LS-3738-R,1001762500,Serpentine River,15+510,3+738,Pump Station,Private,,,,, 09-MAR-12 2:54 PM,Pump: US Electric Motors 254 UP; Pump station with 1 x 200 mm PVC floodbox (fair condition),,http://cosmos.surrey.ca/geo_ref/Images/Drainage/DykeInfrastructure/LS-3738-R.pdf,,,49.096497,-122.797607
55,LN-3787-L,1001762501,Nicomekl River,3+800,3+787,Floodbox,,400,n/a,Abandoned,n/a, 28-MAR-12 4:47 PM,"Broken floodbox; holes observed on floodbox (updated with pers. comm., Golder and City of Surrey, May 15, 2012) ; However, floodbox was removed based on CoS as-built drawing",,http://cosmos.surrey.ca/geo_ref/Images/Drainage/DykeInfrastructure/LN-3787-L.pdf,,,49.077881,-122.790405
56,LN-3782-L,1001762502,Nicomekl River,3+795,3+782,Culvert,,n/a,n/a,n/a,n/a, 28-MAR-12 4:47 PM,hose and pump visible on the left bank,,http://cosmos.surrey.ca/geo_ref/Images/Drainage/DykeInfrastructure/LN-3782-L.pdf,,,49.077881,-122.790405
57,LN-3289-R,1001762503,Nicomekl River,3+300,3+289,Pump Station,Public,,,,, 28-MAR-12 5:00 PM,Pump station with: 1 x 1800 mm CSP floodbox (only flap gate visible; flap gate in fair condition),,http://cosmos.surrey.ca/geo_ref/Images/Drainage/DykeInfrastructure/LN-3289-R.pdf,,,49.076904,-122.796387
58,LN-3195-R,1001762504,Nicomekl River,3+180,3+195,Floodbox,,360,Wood,Poor/Fair,n/a, 28-MAR-12 5:04 PM,Some degradation visible on floodbox  Surrounded by dense vegetation,,http://cosmos.surrey.ca/geo_ref/Images/Drainage/DykeInfrastructure/LN-3195-R.pdf,,,49.075684,-122.796692
59,LN-2924-L,1001762505,Nicomekl River,2+970,2+924,Floodbox,,760,Wood,Poor/Fair,n/a, 28-MAR-12 5:32 PM,Area very heavily vegetated,,http://cosmos.surrey.ca/geo_ref/Images/Drainage/DykeInfrastructure/LN-2924-L.pdf,,,49.075073,-122.793030
60,LN-2903-L,1001762506,Nicomekl River,2+920,2+903,Culvert,,n/a,n/a,Poor,n/a, 28-MAR-12 5:17 PM,Culvert observed near low water line. Subsequent site visit (May 9-10) revealed the piece of culvert is not connected,100 mm diameter smooth PVC pipe about 3m to 4 m below crest of dyke.  Relatively low risk for erosion due to elevation of pipe.,http://cosmos.surrey.ca/geo_ref/Images/Drainage/DykeInfrastructure/LN-2903-L.pdf,,,49.074890,-122.792786
61,LN-2883-L,1001762507,Nicomekl River,2+890,2+882,Floodbox,,300,,Not thoroughly inspected - Vegetation,, 28-MAR-12 5:27 PM,Area very heavily vegetated,,http://cosmos.surrey.ca/geo_ref/Images/Drainage/DykeInfrastructure/LN-2883-L.pdf,,,49.074707,-122.792725
62,LN-2882-L,1001762508,Nicomekl River,2+875,2+882,Floodbox,,610,CM,Not located,n/a, 28-MAR-12 5:30 PM,Only trash rack visible in the vicinity,,http://cosmos.surrey.ca/geo_ref/Images/Drainage/DykeInfrastructure/LN-2882-L.pdf,,,49.074707,-122.792786
63,LN-2881-L,1001762509,Nicomekl River,2+875,2+882,Floodbox,,610,Concrete,Not located,n/a, 28-MAR-12 5:30 PM,Only trash rack visible in the vicinity,,http://cosmos.surrey.ca/geo_ref/Images/Drainage/DykeInfrastructure/LN-2881-L.pdf,,,49.074707,-122.792786
64,LN-2877-R,1001762510,Nicomekl River,2+860,2+877,Culvert,,600,PVC,Fair,n/a, 09-APR-12 2:20 PM,,,http://cosmos.surrey.ca/geo_ref/Images/Drainage/DykeInfrastructure/LN-2877-R.pdf,,,49.074707,-122.793213
65,LN-2826-R,1001762511,Nicomekl River,2+840,2+826,Excessive dyke vegetation,,n/a,n/a,n/a,, 09-APR-12 2:20 PM,Area heavily vegetated with blackberry bush; assess only possible from water's edge during low river level,,http://cosmos.surrey.ca/geo_ref/Images/Drainage/DykeInfrastructure/LN-2826-R.pdf,,,49.074524,-122.793579
66,US-14390-R,1001762512,Serpentine River,4+820,14+390,Floodbox,,360,CSP,Fair,Poor-Fair, 12-MAR-12 1:38 PM,"Different crown elevation from the CoS as-built drawings ( i.e., drawing shows crown elevation at -1.25 m geodetic); some rusting observed",,http://cosmos.surrey.ca/geo_ref/Images/Drainage/DykeInfrastructure/US-14390-R.pdf,,,49.146301,-122.731995
67,LS-3425-L,1001762513,Serpentine River,15+830,3+425,Pump Station,Private,,,,, 09-MAR-12 2:54 PM,"Pump station with: 1 x 100 mm PVC culvert (fair condition), 1 float for pump intake in the river",,http://cosmos.surrey.ca/geo_ref/Images/Drainage/DykeInfrastructure/LS-3425-L.pdf,,,49.094299,-122.800720
68,LS-3413-L,1001762514,Serpentine River,15+840,3+413,Floodbox,,1060,n/a,Not thoroughly inspected - Vegetation,n/a, 13-MAR-12 6:15 PM,Area very heavily vegetated,,http://cosmos.surrey.ca/geo_ref/Images/Drainage/DykeInfrastructure/LS-3413-L.pdf,,,49.094299,-122.800903
69,LS-3377-R,1001762515,Serpentine River,15+880,3+377,Floodbox,,1160,CM,Fair,Poor, 13-MAR-12 5:14 PM,Material peeling off floodbox,,http://cosmos.surrey.ca/geo_ref/Images/Drainage/DykeInfrastructure/LS-3377-R.pdf,,,49.094482,-122.801514
70,LS-3341-L,1001762516,Serpentine River,15+910,3+341,Pump Station,Private,,,,, 13-MAR-12 4:34 PM,"Pump station with: 1 x 100 mm PVC culvert (fair condition), 1 float for pump intake in the river",,http://cosmos.surrey.ca/geo_ref/Images/Drainage/DykeInfrastructure/LS-3341-L.pdf,,,49.094116,-122.801880
71,LS-3089-R,1001762517,Serpentine River,16+180,3+089,Pump Station,Private,,,,, 13-MAR-12 5:41 PM,"Pump station with: 2 x 150mm PVC culvert (one fair condition, the a broken piece for electrical wire conduit to the river side), 1 float for pump intake in the river",,http://cosmos.surrey.ca/geo_ref/Images/Drainage/DykeInfrastructure/LS-3089-R.pdf,,,49.095703,-122.804321
72,LS-3065-L,1001762518,Serpentine River,16+020,3+065,Pump Station,Private,,,,, 13-MAR-12 4:50 PM,Pump station with: 1 x 300 mm PVC floodbox (fair condition),,http://cosmos.surrey.ca/geo_ref/Images/Drainage/DykeInfrastructure/LS-3065-L.pdf,,,49.095520,-122.804810
73,LS-3066-L,1001762519,Serpentine River,16+020,3+066,Dyke,,,,,,n/a,"Large hole in dyke by irrigation line.  Based on City of Surrey observation (pers. comm., Golder and City of Surrey, May 15, 2012)",,http://cosmos.surrey.ca/geo_ref/Images/Drainage/DykeInfrastructure/LS-3066-L.pdf,,,49.095520,-122.804810
74,LS-2911-R,1001762520,Serpentine River,16+340,2+911,Floodbox,,n/a,CSP,Fair,Fair, 13-MAR-12 5:33 PM,,,http://cosmos.surrey.ca/geo_ref/Images/Drainage/DykeInfrastructure/LS-2911-R.pdf,,,49.096130,-122.806580
75,LS-2220-L,1001762521,Serpentine River,17+040,2+220,Floodbox,,1200,CSP,Poor,n/a, 13-MAR-12 5:19 PM,"Broken floodbox; holes observed on floodbox (updated with pers. comm., Golder and City of Surrey, May 15, 2012) ",,http://cosmos.surrey.ca/geo_ref/Images/Drainage/DykeInfrastructure/LS-2220-L.pdf,,,49.091919,-122.805298
76,LS-1978-L,1001762522,Serpentine River,17+260,1+978,Excessive dyke vegetation,,,,,, 13-MAR-12 4:06 PM,Impassable section along dyke due to excessive vegetation,,http://cosmos.surrey.ca/geo_ref/Images/Drainage/DykeInfrastructure/LS-1978-L.pdf,,,49.089722,-122.804687
77,LS-1830-L,1001762523,Serpentine River,17+450,1+830,Pump Station,Public,,,,, 13-MAR-12 3:49 PM,Pump station with: 1 x 1000 mm CSP floodbox (condition unclear as infrastructure was submerged),,http://cosmos.surrey.ca/geo_ref/Images/Drainage/DykeInfrastructure/LS-1830-L.pdf,,,49.088074,-122.804993
78,LS-1731-L,1001762524,Serpentine River,17+520,1+731,Pump Station,Private,,,,, 13-MAR-12 3:42 PM,"CoS as-built drawings indicates pump abandoned; Pump station with: 170 mm flexible hose, 1050 mm CSP floodbox (condition unclear as infrastructure was submerged)",,http://cosmos.surrey.ca/geo_ref/Images/Drainage/DykeInfrastructure/LS-1731-L.pdf,,,49.087708,-122.806519
79,US-14228-L,1001762525,Serpentine River,4+990,14+228,Floodbox,,1050,CSP,Poor,Poor, 27-MAR-12 5:51 PM,"Broken floodbox; holes observed on floodbox (updated with pers. comm., Golder and City of Surrey, May 15, 2012) ",,http://cosmos.surrey.ca/geo_ref/Images/Drainage/DykeInfrastructure/US-14228-L.pdf,,,49.144897,-122.732788
80,US-14032-L,1001762526,Serpentine River,5+190,14+032,Floodbox,,915,CM,Poor,Poor, 27-MAR-12 5:47 PM,"Broken floodbox; holes observed on floodbox (updated with pers. comm., Golder and City of Surrey, May 15, 2012) ",,http://cosmos.surrey.ca/geo_ref/Images/Drainage/DykeInfrastructure/US-14032-L.pdf,,,49.143311,-122.733887
81,US-13898-R,1001762527,Serpentine River,5+340,13+898,Floodbox,,910,n/a,Not located,n/a, 27-MAR-12 5:21 PM,,,http://cosmos.surrey.ca/geo_ref/Images/Drainage/DykeInfrastructure/US-13898-R.pdf,,,49.142273,-122.734985
82,US-13899-R,1001762528,Serpentine River,5+340,13+899,Floodbox,,910,n/a,Not located,n/a, 27-MAR-12 5:21 PM,,,http://cosmos.surrey.ca/geo_ref/Images/Drainage/DykeInfrastructure/US-13899-R.pdf,,,49.142273,-122.734985
83,US-13840-R,1001762529,Serpentine River,5+370,13+840,Pump Station,Public,,,,, 27-MAR-12 5:21 PM,"Pump station with: 1 x 1050 mm floodbox (not visible during site visit, may have been removed based on CoS as-built drawings), 2 x spillways",,http://cosmos.surrey.ca/geo_ref/Images/Drainage/DykeInfrastructure/US-13840-R.pdf,,,49.141907,-122.735596
84,US-13766-L,1001762530,Serpentine River,5+470,13+766,Pump Station,Public,,,Some parts poor (see general observation),, 27-MAR-12 5:16 PM,"Pump station with: 2 spillways, 3 x 1200 mm CSP floodboxes (fair condition , poor-fair corrosion protection as some materials are peelings), 1 fish ladder",,http://cosmos.surrey.ca/geo_ref/Images/Drainage/DykeInfrastructure/US-13766-L.pdf,,,49.141113,-122.735779
85,US-13724-L,1001762531,Serpentine River,5+500,13+724,Fence,,,,,, 27-MAR-12 5:02 PM,Left bank dyke inaccessible due to fence and thick blackberry bush,,http://cosmos.surrey.ca/geo_ref/Images/Drainage/DykeInfrastructure/US-13724-L.pdf,,,49.140686,-122.736084
86,US-13572-R,1001762532,Serpentine River,5+640,13+572,Forcemain,,800,Metal,Fair,n/a, 27-MAR-12 5:02 PM,,,http://cosmos.surrey.ca/geo_ref/Images/Drainage/DykeInfrastructure/US-13572-R.pdf,,,49.139893,-122.737610
87,US-13553-R,1001762533,Serpentine River,5+680,13+553,Floodbox,,900,n/a,Not located,n/a, 27-MAR-12 4:58 PM,Construction noted in the area by the bridge,,http://cosmos.surrey.ca/geo_ref/Images/Drainage/DykeInfrastructure/US-13553-R.pdf,,,49.139893,-122.737793
88,MS-13507-L,1001762534,Serpentine River,5+720,13+507,Pump Station,Private,,,,, 27-MAR-12 4:58 PM,Pump station with: 1 x 450 mm PVC culvert with a screen at the end and 1 x 600 mm CM floodbox (fair condition and corrosion protection),,http://cosmos.surrey.ca/geo_ref/Images/Drainage/DykeInfrastructure/MS-13507-L.pdf,,,49.139282,-122.738281
89,MS-13481-R,1001762535,Serpentine River,5+740,13+481,Floodbox,,600,CM,Fair,Fair, 27-MAR-12 4:55 PM,,,http://cosmos.surrey.ca/geo_ref/Images/Drainage/DykeInfrastructure/MS-13481-R.pdf,,,49.139526,-122.738708
90,MS-13475-R,1001762536,Serpentine River,5+745,13+475,Floodbox,,n/a,n/a,Not thoroughly inspected - Submerged,n/a, 27-MAR-12 4:53 PM,Undocumented in CoS as-built drawings,,http://cosmos.surrey.ca/geo_ref/Images/Drainage/DykeInfrastructure/MS-13475-R.pdf,,,49.139526,-122.738708
91,LN-2687-R,1001762537,Nicomekl River,2+695,2+687,Culvert,,75,PVC,Fair,n/a, 09-APR-12 2:20 PM,,,http://cosmos.surrey.ca/geo_ref/Images/Drainage/DykeInfrastructure/LN-2687-R.pdf,,,49.073486,-122.794983
92,LN-2393-R,1001762538,Nicomekl River,2+400,2+393,Floodbox,,900,CSP,Fair,Fair, 09-APR-12 2:11 PM,,,http://cosmos.surrey.ca/geo_ref/Images/Drainage/DykeInfrastructure/LN-2393-R.pdf,,,49.071899,-122.798096
93,LN-2115-R,1001762539,Nicomekl River,2+120,2+115,Floodbox,,600,CSP,Not located,n/a, 09-APR-12 1:48 PM,,,http://cosmos.surrey.ca/geo_ref/Images/Drainage/DykeInfrastructure/LN-2115-R.pdf,,,49.070496,-122.800903
94,LN-2072-R,1001762540,Nicomekl River,2+070,2+072,Floodbox,,600,CSP,Not located,n/a, 09-APR-12 1:48 PM,Three half-culvert conduits leading to river; floodbox was not visible,,http://cosmos.surrey.ca/geo_ref/Images/Drainage/DykeInfrastructure/LN-2072-R.pdf,,,49.070313,-122.801575
95,LN-1818-R,1001762541,Nicomekl River,1+820,1+818,Floodbox,,600,HDPE,Fair,n/a, 09-APR-12 1:48 PM,,,http://cosmos.surrey.ca/geo_ref/Images/Drainage/DykeInfrastructure/LN-1818-R.pdf,,,49.069885,-122.804993
96,LN-1537-R,1001762542,Nicomekl River,1+540,1+537,Floodbox,,910,CM,Fair,Fair, 09-APR-12 1:37 PM,,,http://cosmos.surrey.ca/geo_ref/Images/Drainage/DykeInfrastructure/LN-1537-R.pdf,,,49.068909,-122.807983
97,LN-1236-R,1001762543,Nicomekl River,1+240,1+236,Pump Station,Private,,,,, 09-APR-12 12:56 PM,Undocumented in CoS as-built drawings; Pump station with: 1 x 160 mm PVC floodbox (fair condition),,http://cosmos.surrey.ca/geo_ref/Images/Drainage/DykeInfrastructure/LN-1236-R.pdf,,,49.069275,-122.812195
98,LN-1111-L,1001762544,Nicomekl River,1+110,1+111,Floodbox,,1060,CM,Fair,Poor, 09-APR-12 12:40 PM,"Abandoned floodbox, based on CoS as-built drawing",,http://cosmos.surrey.ca/geo_ref/Images/Drainage/DykeInfrastructure/LN-1111-L.pdf,,,49.068726,-122.813904
99,LN-1045-R,1001762545,Nicomekl River,1+080,1+045,Pump Station,Private,,,,, 09-APR-12 12:51 PM,"Pump station with: 1 x 120 mm PVC culvert leading into a hose (fair condition), 1 float for pump intake in the river",,http://cosmos.surrey.ca/geo_ref/Images/Drainage/DykeInfrastructure/LN-1045-R.pdf,,,49.069275,-122.814697
100,LN-1005-R,1001762546,Nicomekl River,1+020,1+005,Pump Station,Private,,,,, 09-APR-12 12:37 PM,Pump station with: 1 x 160 mm PVC culvert (fair condition),,http://cosmos.surrey.ca/geo_ref/Images/Drainage/DykeInfrastructure/LN-1005-R.pdf,,,49.069275,-122.815308
101,LN-1006-R,1001762547,Nicomekl River,1+020,1+006,Dyke,,,,,,n/a,"Riprap absent at eroded dyke toe. Based on City of Surrey observation (pers. comm., Golder and City of Surrey, May 15, 2012)",,http://cosmos.surrey.ca/geo_ref/Images/Drainage/DykeInfrastructure/LN-1006-R.pdf,,,49.069275,-122.815308
102,LN-1001-R,1001762548,Nicomekl River,1+010,1+001,Fence,,n/a,n/a,n/a,n/a, 09-APR-12 12:32 PM,Fence across entire dyke; very difficult access since the end of mesh wires sticks out along the top of fence.,,http://cosmos.surrey.ca/geo_ref/Images/Drainage/DykeInfrastructure/LN-1001-R.pdf,,,49.069275,-122.815308
103,LN-965-L,1001762549,Nicomekl River,0+960,0+965,Floodbox,,1060,CM,Poor,n/a, 09-APR-12 12:23 PM,No flap gate; structure not a part of City of Surrey dyke,,http://cosmos.surrey.ca/geo_ref/Images/Drainage/DykeInfrastructure/LN-965-L.pdf,,,49.068726,-122.815918
104,LN-891-L,1001762550,Nicomekl River,0+890,0+891,Floodbox,,760,CM,Fair,Fair, 09-APR-12 12:23 PM,flap gate condition fair; structure not a part of City of Surrey dyke,,http://cosmos.surrey.ca/geo_ref/Images/Drainage/DykeInfrastructure/LN-891-L.pdf,,,49.068909,-122.816895
105,LN-836-L,1001762551,Nicomekl River,0+755,0+836,Floodbox,,300,n/a,Poor,n/a, 09-APR-12 12:22 PM,No flap gate; structure not a part of City of Surrey dyke,,http://cosmos.surrey.ca/geo_ref/Images/Drainage/DykeInfrastructure/LN-836-L.pdf,,,49.069092,-122.817688
106,MS-13464-L,1001762552,Serpentine River,5+760,13+464,Floodbox,,1050,n/a,Not thoroughly inspected - Submerged,n/a, 27-MAR-12 4:51 PM,,,http://cosmos.surrey.ca/geo_ref/Images/Drainage/DykeInfrastructure/MS-13464-L.pdf,,,49.139282,-122.738708
107,MS-12942-L,1001762553,Serpentine River,6+280,12+942,Floodbox,,800,CM,Fair,Poor, 27-MAR-12 4:41 PM,Corrosion observed on flap gate and floodbox; different from CoS as-built drawing: diameter is 800 mm instead of 1050 mm,,http://cosmos.surrey.ca/geo_ref/Images/Drainage/DykeInfrastructure/MS-12942-L.pdf,,,49.136719,-122.744812
108,MS-12868-R,1001762554,Serpentine River,6+350,12+868,Fence,,,,,, 27-MAR-12 4:34 PM,"A fence gate on the crest of the dike; fence removed, dyke is assessable by foot traffic",,http://cosmos.surrey.ca/geo_ref/Images/Drainage/DykeInfrastructure/MS-12868-R.pdf,,,49.136719,-122.745911
109,MS-12869-R,1001762555,Serpentine River,6+350,12+869,Floodbox,,750,n/a,Not thoroughly inspected - Submerged,n/a, 27-MAR-12 4:34 PM,,,http://cosmos.surrey.ca/geo_ref/Images/Drainage/DykeInfrastructure/MS-12869-R.pdf,,,49.136475,-122.745789
110,SW-12719-R,1001762556,Serpentine River West Channel,0+190,12+719,Floodbox,,1200,CM,Fair,Fair, 27-MAR-12 3:01 PM,,,http://cosmos.surrey.ca/geo_ref/Images/Drainage/DykeInfrastructure/SW-12719-R.pdf,,,49.130127,-122.767578
111,MS-12473-R,1001762557,Serpentine River,6+740,12+473,Floodbox,,900,HDPE,Fair,n/a, 27-MAR-12 4:24 PM,,,http://cosmos.surrey.ca/geo_ref/Images/Drainage/DykeInfrastructure/MS-12473-R.pdf,,,49.134705,-122.750427
112,SW-12431-R,1001762558,Serpentine River West Channel,0+490,12+431,Floodbox,,450,n/a,Not located,n/a, 27-MAR-12 2:47 PM,,,http://cosmos.surrey.ca/geo_ref/Images/Drainage/DykeInfrastructure/SW-12431-R.pdf,,,49.130920,-122.771179
113,MS-12331-L,1001762559,Serpentine River,6+930,12+331,Pump Station,Private,,,,, 27-MAR-12 6:54 PM,Possible pump station with 2 small diameter PVC culverts not connected to dyke,,http://cosmos.surrey.ca/geo_ref/Images/Drainage/DykeInfrastructure/MS-12331-L.pdf,,,49.133728,-122.751892
114,MS-12310-L,1001762560,Serpentine River,6+915,12+310,Floodbox,,1050,,Not thoroughly inspected - Submerged,n/a, 27-MAR-12 6:55 PM,,,http://cosmos.surrey.ca/geo_ref/Images/Drainage/DykeInfrastructure/MS-12310-L.pdf,,,49.133728,-122.752197
115,MS-12299-L,1001762561,Serpentine River,6+930,12+299,Pump Station,Public,,,,, 27-MAR-12 6:52 PM,Pump station with: 2 x 350 mm CM floodbox (fair condition and corrosion protection),,http://cosmos.surrey.ca/geo_ref/Images/Drainage/DykeInfrastructure/MS-12299-L.pdf,,,49.133484,-122.752319
116,MS-12263-L,1001762562,Serpentine River,6+960,12+263,Floodbox,,1200,CM,Fair,Fair, 27-MAR-12 4:09 PM,Different from CoS as-built drawing which indicates this floodbox has been plugged and buried in 2002,,http://cosmos.surrey.ca/geo_ref/Images/Drainage/DykeInfrastructure/MS-12263-L.pdf,,,49.133484,-122.752808
117,MS-12239-R,1001762563,Serpentine River,6+980,12+239,Floodbox,,900,n/a,Not located,n/a, 27-MAR-12 4:07 PM,,,http://cosmos.surrey.ca/geo_ref/Images/Drainage/DykeInfrastructure/MS-12239-R.pdf,,,49.133728,-122.753113
118,SW-12171-R,1001762564,Serpentine River West Channel,0+740,12+171,Floodbox,,900,n/a,Not located,n/a, 27-MAR-12 2:31 PM,,,http://cosmos.surrey.ca/geo_ref/Images/Drainage/DykeInfrastructure/SW-12171-R.pdf,,,49.131897,-122.774475
119,MS-11966-L,1001762565,Serpentine River,7+250,11+966,Floodbox,,900,,Not thoroughly inspected - Vegetation,n/a, 27-MAR-12 6:37 PM,Area very heavily vegetated,,http://cosmos.surrey.ca/geo_ref/Images/Drainage/DykeInfrastructure/MS-11966-L.pdf,,,49.132080,-122.756287
120,MS-11920-R,1001762566,Serpentine River,7+290,11+920,Culvert,,1200,HDPE,Fair,n/a, 27-MAR-12 3:41 PM,,,http://cosmos.surrey.ca/geo_ref/Images/Drainage/DykeInfrastructure/MS-11920-R.pdf,,,49.132080,-122.756897
121,MS-11921-R,1001762567,Serpentine River,7+290,11+921,Culvert,,1200,HDPE,Fair,n/a, 27-MAR-12 3:41 PM,,,http://cosmos.surrey.ca/geo_ref/Images/Drainage/DykeInfrastructure/MS-11921-R.pdf,,,49.132080,-122.756897
122,LN-524-R,1001762568,Nicomekl River,0+520,0+524,Floodbox,,900,HDPE,Not thoroughly inspected - Submerged,n/a, 09-APR-12 12:12 PM,,,http://cosmos.surrey.ca/geo_ref/Images/Drainage/DykeInfrastructure/LN-524-R.pdf,,,49.071472,-122.820007
123,LN-214-R,1001762569,Nicomekl River,0+260,0+214,Floodbox,,900,HDPE,Fair,n/a, 09-APR-12 12:02 PM,,,http://cosmos.surrey.ca/geo_ref/Images/Drainage/DykeInfrastructure/LN-214-R.pdf,,,49.069519,-122.822510
124,LN-(-446)-L,1001762570,Nicomekl River,-0+420 (estimated; no CoS as-built drawings available),446,Floodbox,,700,HDPE,Fair,Poor, 10-APR-12 2:45 PM,Corrosion observed where oyster has peeled off the flap gate,,http://cosmos.surrey.ca/geo_ref/Images/Drainage/DykeInfrastructure/LN-(-446)-L.pdf,,,49.071289,-122.830200
125,LN-(-1017)-L,1001762571,Nicomekl River,-0+940 (estimated; no CoS as-built drawings available),16,Floodbox,,700,n/a,Fair,Poor, 10-APR-12 2:35 PM,Corrosion observed where oyster has peeled off the flap gate,,http://cosmos.surrey.ca/geo_ref/Images/Drainage/DykeInfrastructure/LN-(-1017)-L.pdf,,,49.072876,-122.834412
126,CC-3140-L,1001762572,Cloverdale Canal,3+140,n/a,Floodbox,,250,PVC,Poor,n/a, 09-APR-12 4:13 PM,Capped based on CoS as-built drawing; broken floodbox,Broken pipe on downslope side.  Submerged inlet.  Head difference is approximately 1 m.  No significant flow to downslope side.  Pipe likely blocked within.  Slight dip in ground surface of dyke near pipe.  Such dips are apparent elsewhere.,http://cosmos.surrey.ca/geo_ref/Images/Drainage/DykeInfrastructure/CC-3140-L.pdf,,,49.103699,-122.744507
127,CC-2975-L,1001762573,Cloverdale Canal,2+975,n/a,Floodbox,,250,PVC,Not located,n/a, 09-APR-12 4:13 PM,Capped based on CoS as-built drawing,,http://cosmos.surrey.ca/geo_ref/Images/Drainage/DykeInfrastructure/CC-2975-L.pdf,,,49.103699,-122.746887
128,CC-2775-L,1001762574,Cloverdale Canal,2+775,n/a,Floodbox,,250,PVC,Fair,n/a, 09-APR-12 4:26 PM,Capped based on CoS as-built drawing,Corrugated PVC pipe penetration through dyke at approximate low water level.  Exposed PVC pipe could deteriorate and lead to breakage of flap gate.  Possible future deterioration of pipe within dyke.  Relatively low risk.,http://cosmos.surrey.ca/geo_ref/Images/Drainage/DykeInfrastructure/CC-2775-L.pdf,,,49.103882,-122.749512
129,CC-2575-L,1001762575,Cloverdale Canal,2+575,n/a,Floodbox,,250,PVC,Not located,n/a, 09-APR-12 4:26 PM,Capped based on CoS as-built drawing,,http://cosmos.surrey.ca/geo_ref/Images/Drainage/DykeInfrastructure/CC-2575-L.pdf,,,49.103882,-122.752380
130,CC-2535-R,1001762576,Cloverdale Canal,2+535,n/a,Culvert,,100,PVC,n/a,n/a, 09-APR-12 4:35 PM,,,http://cosmos.surrey.ca/geo_ref/Images/Drainage/DykeInfrastructure/CC-2535-R.pdf,,,49.103882,-122.752930
131,CC-2370-L,1001762577,Cloverdale Canal,2+370,n/a,Floodbox,,n/a,n/a,Not thoroughly inspected - Submerged,n/a, 09-APR-12 4:41 PM,,,http://cosmos.surrey.ca/geo_ref/Images/Drainage/DykeInfrastructure/CC-2370-L.pdf,,,49.103882,-122.755005
132,CC-2315-L,1001762578,Cloverdale Canal,2+315,n/a,Culvert,,150,Metal,Not located,n/a, 09-APR-12 4:41 PM,,,http://cosmos.surrey.ca/geo_ref/Images/Drainage/DykeInfrastructure/CC-2315-L.pdf,,,49.103882,-122.755798
133,CC-2310-R,1001762579,Cloverdale Canal,2+310,n/a,Culvert,,400,PVC,Poor,n/a, 09-APR-12 4:47 PM,flap gate has detached from the broken culvert,Broken flap gate.  Pipe appears clear.  Slight ovalization of crown observed within pipe.,http://cosmos.surrey.ca/geo_ref/Images/Drainage/DykeInfrastructure/CC-2310-R.pdf,,,49.103882,-122.755920
134,CC-2260-R,1001762580,Cloverdale Canal,2+260,n/a,Floodbox,,1200,CSP,Poor,Fair, 09-APR-12 4:54 PM,Area very heavily vegetated,,http://cosmos.surrey.ca/geo_ref/Images/Drainage/DykeInfrastructure/CC-2260-R.pdf,,,49.103699,-122.756287
135,CC-2160-R,1001762581,Cloverdale Canal,2+160,n/a,Floodbox,,400,CM,Fair,Fair, 09-APR-12 4:58 PM,,,http://cosmos.surrey.ca/geo_ref/Images/Drainage/DykeInfrastructure/CC-2160-R.pdf,,,49.102722,-122.756287
136,MS-11922-R,1001762582,Serpentine River,7+290,11+922,Culvert,,1200,HDPE,Fair,n/a, 27-MAR-12 3:41 PM,,,http://cosmos.surrey.ca/geo_ref/Images/Drainage/DykeInfrastructure/MS-11922-R.pdf,,,49.132080,-122.756897
137,MS-11906-L,1001762583,Serpentine River,7+310,11+906,Culvert,,750,CM,Fair,n/a, 27-MAR-12 6:27 PM,"750 storm drain from 168th street, possibly connected to catch basin on 168th street",,http://cosmos.surrey.ca/geo_ref/Images/Drainage/DykeInfrastructure/MS-11906-L.pdf,,,49.131897,-122.756897
138,MS-11897-L,1001762584,Serpentine River,7+320,11+897,Floodbox,,1200,CM,Fair,Poor, 27-MAR-12 6:16 PM,Corrosion observed on flap gate and floodbox,,http://cosmos.surrey.ca/geo_ref/Images/Drainage/DykeInfrastructure/MS-11897-L.pdf,,,49.131897,-122.757019
139,MS-11899-L,1001762585,Serpentine River,7+320,11+899,Floodbox,,1200,CM,Poor,Poor, 27-MAR-12 6:16 PM,"Broken floodbox; holes observed on floodbox (updated with pers. comm., Golder and City of Surrey, May 15, 2012) ",,http://cosmos.surrey.ca/geo_ref/Images/Drainage/DykeInfrastructure/MS-11899-L.pdf,,,49.131897,-122.757019
140,MS-11898-L,1001762586,Serpentine River,7+320,11+898,Floodbox,,1200,CM,Fair,Poor, 27-MAR-12 6:16 PM,Corrosion observed on flap gate and floodbox,,http://cosmos.surrey.ca/geo_ref/Images/Drainage/DykeInfrastructure/MS-11898-L.pdf,,,49.131897,-122.757019
141,MS-11820-L,1001762587,Serpentine River,7+400,11+820,Floodbox,,1050,n/a,Not located,n/a, 27-MAR-12 6:08 PM,,,http://cosmos.surrey.ca/geo_ref/Images/Drainage/DykeInfrastructure/MS-11820-L.pdf,,,49.131287,-122.757812
142,SW-11810-R,1001762588,Serpentine River West Channel,1+090,11+810,Pump Station,Public,,,Some parts poor (see general observation),, 26-MAR-12 2:24 PM,"Pump station with: 1 spillway, 2 x 1200 CM floodboxes (fair condition, poor-fair corrosion protection as some rusting observed)",,http://cosmos.surrey.ca/geo_ref/Images/Drainage/DykeInfrastructure/SW-11810-R.pdf,,,49.130676,-122.778809
143,SW-11613-R,1001762589,Serpentine River West Channel,1+290,11+613,Floodbox,,900,CM,Not thoroughly inspected - Vegetation,n/a, 26-MAR-12 2:30 PM,Cannot access; very thick blackberry bush with oversteepended sideslope,,http://cosmos.surrey.ca/geo_ref/Images/Drainage/DykeInfrastructure/SW-11613-R.pdf,,,49.129883,-122.781311
144,MS-11584-R,1001762590,Serpentine River,7+630,11+584,Floodbox,,1200,CSP,Fair,Fair, 27-MAR-12 3:25 PM,,,http://cosmos.surrey.ca/geo_ref/Images/Drainage/DykeInfrastructure/MS-11584-R.pdf,,,49.130493,-122.760620
145,SW-11308-R,1001762591,Serpentine River West Channel,1+600,11+308,Floodbox,,900,CM,Fair,Fair, 26-MAR-12 2:41 PM,,,http://cosmos.surrey.ca/geo_ref/Images/Drainage/DykeInfrastructure/SW-11308-R.pdf,,,49.128479,-122.784485
146,SW-11243-R,1001762592,Serpentine River West Channel,0+000,11+243,Spillway,,,,,, 27-MAR-12 3:11 PM,,,http://cosmos.surrey.ca/geo_ref/Images/Drainage/DykeInfrastructure/SW-11243-R.pdf,,,49.129700,-122.765015
147,LS-1354-R,1001762593,Serpentine River,17+920,1+354,Pump Station,Private,,,,, 13-MAR-12 3:22 PM,Pump: Baldor Industrial Motor HP 1DP Category #: M3116T-5.  Pump is supported on a platform on the river side of the dyke.  Pump station with: 1 x 250 mm PVC flexible hose (fair condition) 1 x 900 mm CSP floodbox (condition unclear as infrastructure was submerged),Pump station on wet side of dyke.  Platform of pump station is supported on timber piers driven through dyke.  Tree in water appears to have been undercut and given way. Erosion of dyke due to river flow is apparent.  Potential for scour and erosion to de,http://cosmos.surrey.ca/geo_ref/Images/Drainage/DykeInfrastructure/LS-1354-R.pdf,,,49.090088,-122.810181
148,LS-1194-R,1001762594,Serpentine River,18+050,1+194,Pump Station,Public,,,Some parts poor (see general observation),, 13-MAR-12 3:17 PM,"Pump station with: 2 x 600 mm CSP floodboxes (fair condition and corrosion protection) and 1 x 1200 mm CSP floodbox (broken floodbox; holes observed on floodbox - updated with pers. comm., Golder and City of Surrey, May 15, 2012) ",,http://cosmos.surrey.ca/geo_ref/Images/Drainage/DykeInfrastructure/LS-1194-R.pdf,,,49.089905,-122.812500
149,LS-1127-L,1001762595,Serpentine River,18+130,1+127,Floodbox,,1000,HDPE,Fair,n/a, 13-MAR-12 3:07 PM,Unable to safely measure Documented as CSP,,http://cosmos.surrey.ca/geo_ref/Images/Drainage/DykeInfrastructure/LS-1127-L.pdf,,,49.089111,-122.812500
150,LS-1099-R,1001762596,Serpentine River,18+145,1+099,Culvert,,100,PVC,Fair,n/a, 13-MAR-12 2:59 PM,Undocumented in CoS as-built drawings; no flap gate on culvert but culvert is located near dike crest,PVC pipe penetration through dyke approximately 1.5 m below crest.  Possible erosion concern.  Not high priority.,http://cosmos.surrey.ca/geo_ref/Images/Drainage/DykeInfrastructure/LS-1099-R.pdf,,,49.088928,-122.812988
151,LS-1100-R,1001762597,Serpentine River,18+145,1+100,Dyke,,,,,,n/a,"Large rodent holes in dyke (2-3 feet diameter); more rodent holes observed between Serpentine River seadam to upstream where river meets 48th Ave. (west of 152nd St.).  Based on City of Surrey observation (pers. comm., Golder and City of Surrey, May 15, 2012)",,http://cosmos.surrey.ca/geo_ref/Images/Drainage/DykeInfrastructure/LS-1100-R.pdf,,,49.088928,-122.812988
152,LS-399-L,1001762598,Serpentine River,18+850,0+399,Floodbox,,760,CSP,Not located,n/a, 13-MAR-12 2:39 PM,,,http://cosmos.surrey.ca/geo_ref/Images/Drainage/DykeInfrastructure/LS-399-L.pdf,,,49.083496,-122.817322
153,LS-193-L,1001762599,Serpentine River,19+070,0+193,Floodbox,,,,Not thoroughly inspected - Submerged,n/a, 13-MAR-12 2:27 PM,,,http://cosmos.surrey.ca/geo_ref/Images/Drainage/DykeInfrastructure/LS-193-L.pdf,,,49.085327,-122.818298
154,LS-42-R,1001762600,Serpentine River,19+220,0+042,Fence,,,,,, 13-MAR-12 2:14 PM,No access to dyke from bridge at King George Hwy on right bank; blackberry bushes and fence extend to edge of river,,http://cosmos.surrey.ca/geo_ref/Images/Drainage/DykeInfrastructure/LS-42-R.pdf,,,49.086914,-122.818176
155,LS-38-R,1001762601,Serpentine River,19+220,0+038,Floodbox,,1000,CSP,Not located,n/a, 13-MAR-12 2:19 PM,,,http://cosmos.surrey.ca/geo_ref/Images/Drainage/DykeInfrastructure/LS-38-R.pdf,,,49.086914,-122.818298
156,LS-32-L,1001762602,Serpentine River,19+220,0+032,Floodbox,,900,CSP,Not located,n/a, 13-MAR-12 2:14 PM,,,http://cosmos.surrey.ca/geo_ref/Images/Drainage/DykeInfrastructure/LS-32-L.pdf,,,49.086487,-122.818604
157,SW-11244-R,1001762603,Serpentine River West Channel,0+000,11+244,Floodbox,,900,CM,Fair,Fair, 27-MAR-12 3:11 PM,,,http://cosmos.surrey.ca/geo_ref/Images/Drainage/DykeInfrastructure/SW-11244-R.pdf,,,49.129700,-122.765015
158,SW-11065-R,1001762604,Serpentine River West Channel,1+840,11+065,Floodbox,,750,Wood,Not thoroughly inspected - Submerged,n/a, 26-MAR-12 2:52 PM,,,http://cosmos.surrey.ca/geo_ref/Images/Drainage/DykeInfrastructure/SW-11065-R.pdf,,,49.127502,-122.786926
159,SW-10588-R,1001762605,Serpentine River,2+300,10+588,Floodbox,,750,CM,Not located,n/a, 26-MAR-12 5:58 PM,Hidden by vegetation Unable to safely access to the structure,,http://cosmos.surrey.ca/geo_ref/Images/Drainage/DykeInfrastructure/SW-10588-R.pdf,,,49.124512,-122.787598
160,SW-10389-R,1001762606,Serpentine River,2+500,10+389,Floodbox,,750,CM,Fair,Fair, 26-MAR-12 5:54 PM,,,http://cosmos.surrey.ca/geo_ref/Images/Drainage/DykeInfrastructure/SW-10389-R.pdf,,,49.122681,-122.787720
161,CC-1940-L,1001762607,Cloverdale Canal,1+940,n/a,Pump Station,Private,,,,, 09-APR-12 5:05 PM,Pump station with: 3 x 150 mm PVC culverts and 1 x 300 mm metal floodbox and 1 x 100 mm flexible hose (fair condition),Several pipes and hoses routed through dyke structure.  Most are shallow through crest.  Possible erosion concern.  Outlet of flap gate pipe is about 1.5 m above toe of dyke.  Possible for water discharge to cause scour.,http://cosmos.surrey.ca/geo_ref/Images/Drainage/DykeInfrastructure/CC-1940-L.pdf,,,49.100708,-122.756104
162,CC-1935-R,1001762608,Cloverdale Canal,1+935,n/a,Floodbox,,900,Metal,Not thoroughly inspected - Submerged,n/a, 09-APR-12 5:05 PM,,,http://cosmos.surrey.ca/geo_ref/Images/Drainage/DykeInfrastructure/CC-1935-R.pdf,,,49.100708,-122.756287
163,CC-1930-L,1001762609,Cloverdale Canal,1+930,n/a,Spillway,,,,,, 09-APR-12 5:05 PM,,Possible erosion concern if water flows under geosynthetic armour.,http://cosmos.surrey.ca/geo_ref/Images/Drainage/DykeInfrastructure/CC-1930-L.pdf,,,49.100708,-122.756104
164,CC-1931-L,1001762610,Cloverdale Canal,n/a,n/a,Floodbox,,n/a,n/a,Not thoroughly inspected - Submerged,n/a, 09-APR-12 5:05 PM,,,http://cosmos.surrey.ca/geo_ref/Images/Drainage/DykeInfrastructure/CC-1931-L.pdf,,,49.100708,-122.756104
165,CC-1775-L,1001762611,Cloverdale Canal,1+775,n/a,Floodbox,,400,PVC,Fair,n/a, 09-APR-12 5:21 PM,,,http://cosmos.surrey.ca/geo_ref/Images/Drainage/DykeInfrastructure/CC-1775-L.pdf,,,49.100098,-122.756104
166,CC-1719-R,1001762612,Cloverdale Canal,1+719,n/a,Floodbox,,900,Metal,Not thoroughly inspected - Submerged,n/a, 09-APR-12 5:24 PM,,Corrugated metal headwall.  Erosion around edges and side of headwall.  Voids and loss of ground around outside and behind structure.,http://cosmos.surrey.ca/geo_ref/Images/Drainage/DykeInfrastructure/CC-1719-R.pdf,,,49.098877,-122.756287
167,CC-1575-L,1001762613,Cloverdale Canal,1+575,n/a,Floodbox,,300,PVC,Fair,n/a, 09-APR-12 5:29 PM,,,http://cosmos.surrey.ca/geo_ref/Images/Drainage/DykeInfrastructure/CC-1575-L.pdf,,,49.097473,-122.756226
168,CC-1512-R,1001762614,Cloverdale Canal,1+512,n/a,Floodbox,,900,Metal,Not thoroughly inspected - Submerged,n/a, 09-APR-12 5:31 PM,Significant slumping observed above the floodbox,Corrugated metal headwall.  Significant erosion and loss of ground visible behind headwall.  May be eroding out bottom of structure.  Potential safety hazard due to sink hole at surface.,http://cosmos.surrey.ca/geo_ref/Images/Drainage/DykeInfrastructure/CC-1512-R.pdf,,,49.097107,-122.756287
169,CB-(587)-R,1001762615,Serpentine River,19+790 (estimated; no CoS as-built drawings available),587,Floodbox,,900,n/a,Not located,n/a, 13-MAR-12 4:49 PM,,,http://cosmos.surrey.ca/geo_ref/Images/Drainage/DykeInfrastructure/CB-(587)-R.pdf,,,49.089294,-122.822021
170,CB-(693)-L,1001762616,Serpentine River,19+835 (estimated; no CoS as-built drawings available),693,Floodbox,,900,n/a,Fair,Fair, 13-MAR-12 5:03 PM,Some debris at upstream end,,http://cosmos.surrey.ca/geo_ref/Images/Drainage/DykeInfrastructure/CB-(693)-L.pdf,,,49.088684,-122.823914
171,CB-(1565)-R,1001762617,Serpentine River,20+740 (estimated; no CoS as-built drawings available),564,Floodbox,,1200,n/a,Fair,Fair, 13-MAR-12 3:58 PM,,,http://cosmos.surrey.ca/geo_ref/Images/Drainage/DykeInfrastructure/CB-(1565)-R.pdf,,,49.090515,-122.828491
172,CB-(2461)-R,1001762618,Serpentine River,21+640 (estimated; no CoS as-built drawings available),459,Floodbox,,900,HDPE,Fair,n/a, 13-MAR-12 3:33 PM,,,http://cosmos.surrey.ca/geo_ref/Images/Drainage/DykeInfrastructure/CB-(2461)-R.pdf,,,49.087708,-122.837585
173,CB-(2655)-R,1001762619,Serpentine River,21+810 (estimated; no CoS as-built drawings available),653,Dyke,,n/a,n/a,n/a,n/a, 13-MAR-12 3:24 PM,Small amount of seepage observed at base of dyke,,http://cosmos.surrey.ca/geo_ref/Images/Drainage/DykeInfrastructure/CB-(2655)-R.pdf,,,49.087524,-122.840393
174,CB-(2666)-R,1001762620,Serpentine River,21+825 (estimated; no CoS as-built drawings available),664,Forcemain,,,,,, 13-MAR-12 3:20 PM,Forcemain running through dyke,,http://cosmos.surrey.ca/geo_ref/Images/Drainage/DykeInfrastructure/CB-(2666)-R.pdf,,,49.087280,-122.840576
175,CB-(3089)-R,1001762621,Serpentine River,22+290 (estimated; no CoS as-built drawings available),86,Pump Station,Public,,,Some parts poor (see general observation),, 13-MAR-12 3:09 PM,Ditch leading to pump station has lots of debris at the trashrack;  Pump station with: 3 x 900 CM floodboxes (poor condition and corrosion protection; materials peeling off).  ,,http://cosmos.surrey.ca/geo_ref/Images/Drainage/DykeInfrastructure/CB-(3089)-R.pdf,,,49.086121,-122.845520
176,MS-10705-R,1001762622,Serpentine Canal,8+490,10+705,Pump Station,Public,,,,, 27-MAR-12 5:33 PM,Pump station with: 1 x 300 mm floodbox (condition and properties unclear as floodbox area heavily vegetated),,http://cosmos.surrey.ca/geo_ref/Images/Drainage/DykeInfrastructure/MS-10705-R.pdf,,,49.125488,-122.768921
177,MS-10662-R,1001762623,Serpentine Canal,8+540,10+662,Pump Station,Private,,,,, 27-MAR-12 5:37 PM,Pump on the golf course,,http://cosmos.surrey.ca/geo_ref/Images/Drainage/DykeInfrastructure/MS-10662-R.pdf,,,49.125122,-122.769104
178,MS-10668-R,1001762624,Serpentine Canal,8+540,10+668,Culvert,,n/a,n/a,Not thoroughly inspected - Submerged,n/a, 27-MAR-12 5:44 PM,,,http://cosmos.surrey.ca/geo_ref/Images/Drainage/DykeInfrastructure/MS-10668-R.pdf,,,49.125122,-122.768799
179,MS-10644-L,1001762625,Serpentine Canal,8+580,10+644,Pump Station,Private,,,,, 27-MAR-12 5:24 PM,Pump station with culvert (not visible during site visit),,http://cosmos.surrey.ca/geo_ref/Images/Drainage/DykeInfrastructure/MS-10644-L.pdf,,,49.124695,-122.768677
180,MS-10605-L,1001762626,Serpentine Canal,8+910,10+605,Culvert,,600,PVC,Poor,n/a, 27-MAR-12 5:21 PM,"No flap gate; culvert inlet on the land side (i.e., golf course not visible)",Open 300 mm diameter pipe through dyke.  Erosion of dyke around pipe.  Pipe appears to have gravel backfill.,http://cosmos.surrey.ca/geo_ref/Images/Drainage/DykeInfrastructure/MS-10605-L.pdf,,,49.124512,-122.768982
181,CC-1510-R,1001762627,Cloverdale Canal,1+510,n/a,Pump Station,Private,,,,, 07-MAY-12 3:15 PM,"Pump station appears to be abandoned (i.e., aging and no evidence of maintenance); pump station shed entrance was  heavily blocked by vegetation.  Pump station with: 1 x 200 mm CM floodbox (fair condition and corrosion protection)",,http://cosmos.surrey.ca/geo_ref/Images/Drainage/DykeInfrastructure/CC-1510-R.pdf,,,49.096924,-122.756775
182,CC-1500-L,1001762628,Cloverdale Canal,1+500,n/a,Pump Station,Private,,,Abandoned,n/a, 09-APR-12 5:34 PM,"Abandoned Pump station with: 1 x 300 mm CM floodbox, 1 x 150 mm PVC culvert (fair condition)",,http://cosmos.surrey.ca/geo_ref/Images/Drainage/DykeInfrastructure/CC-1500-L.pdf,,,49.096680,-122.756104
183,CC-1310-R,1001762629,Cloverdale Canal,1+310,n/a,Floodbox,,300,CM,Fair,Fair, 09-APR-12 5:41 PM,,,http://cosmos.surrey.ca/geo_ref/Images/Drainage/DykeInfrastructure/CC-1310-R.pdf,,,49.095093,-122.756287
184,CC-1300-L,1001762630,Cloverdale Canal,1+300,n/a,Culvert,,100,PVC,Fair,n/a, 09-APR-12 5:43 PM,,,http://cosmos.surrey.ca/geo_ref/Images/Drainage/DykeInfrastructure/CC-1300-L.pdf,,,49.095093,-122.756287
185,CC-1150-R,1001762631,Cloverdale Canal,1+150,n/a,Floodbox,,900,Metal,Not thoroughly inspected - Submerged,n/a, 09-APR-12 5:47 PM,,,http://cosmos.surrey.ca/geo_ref/Images/Drainage/DykeInfrastructure/CC-1150-R.pdf,,,49.093689,-122.756287
186,SW-10159-R,1001762632,Serpentine River,2+730,10+159,Floodbox,,750,CM,Fair,n/a, 26-MAR-12 5:47 PM,Area very heavily vegetated,,http://cosmos.surrey.ca/geo_ref/Images/Drainage/DykeInfrastructure/SW-10159-R.pdf,,,49.120911,-122.786621
187,SW-9881-R,1001762633,Serpentine River,3+010,9+881,Floodbox,,450,CM,Not located,n/a, 26-MAR-12 3:55 PM,,,http://cosmos.surrey.ca/geo_ref/Images/Drainage/DykeInfrastructure/SW-9881-R.pdf,,,49.118713,-122.784912
188,SW-9674-R,1001762634,Serpentine River,3+220,9+674,Floodbox,,800,HDPE,Not thoroughly inspected - Submerged,n/a, 26-MAR-12 3:40 PM,Undocumented in CoS as-built drawings,,http://cosmos.surrey.ca/geo_ref/Images/Drainage/DykeInfrastructure/SW-9674-R.pdf,,,49.117126,-122.784302
189,SW-9675-R,1001762635,Serpentine River,3+220,9+675,Floodbox,,750,CM,Fair,Fair, 26-MAR-12 3:40 PM,Area very heavily vegetated,,http://cosmos.surrey.ca/geo_ref/Images/Drainage/DykeInfrastructure/SW-9675-R.pdf,,,49.117126,-122.784302
190,SW-9671-R,1001762636,Serpentine River,3+220,9+671,Floodbox,,300,CM,Not located,n/a, 26-MAR-12 3:33 PM,,,http://cosmos.surrey.ca/geo_ref/Images/Drainage/DykeInfrastructure/SW-9671-R.pdf,,,49.117126,-122.784302
191,SW-9413-R,1001762637,Serpentine River,3+480,9+413,Floodbox,,750,HDPE,Not thoroughly inspected - Submerged,n/a, 26-MAR-12 3:30 PM,Different from CoS document which indicates material as CM,,http://cosmos.surrey.ca/geo_ref/Images/Drainage/DykeInfrastructure/SW-9413-R.pdf,,,49.114685,-122.783691
192,SW-9410-R,1001762638,Serpentine River,3+480,9+410,Floodbox,,300,CM,Not located,n/a, 26-MAR-12 3:33 PM,"on dry side, 300 mm CM culvert sits very high",,http://cosmos.surrey.ca/geo_ref/Images/Drainage/DykeInfrastructure/SW-9410-R.pdf,,,49.114685,-122.783691
193,SW-9056-R,1001762639,Serpentine River,3+840,9+056,Pump Station,Public,,,,, 26-MAR-12 2:59 PM,"Pump station with: 2 x 600 mm steel floodboxes (fair condition and corrosion protection), 1 undocumented HDPE floodbox (conditions and properties unclear as infrastructure was partially submerged), 2 x 1200 mm CM floodboxes (not visible during site visit)",,http://cosmos.surrey.ca/geo_ref/Images/Drainage/DykeInfrastructure/SW-9056-R.pdf,,,49.111694,-122.781982
194,MS-10074-L,1001762640,Serpentine Canal,9+130,10+074,Floodbox,,900,HDPE,Not thoroughly inspected - Submerged,n/a, 27-MAR-12 5:03 PM,Different from CoS as-built drawings which lists material as CM,,http://cosmos.surrey.ca/geo_ref/Images/Drainage/DykeInfrastructure/MS-10074-L.pdf,,,49.120300,-122.772400
195,MS-9898-L,1001762641,Serpentine Canal,9+340,9+898,Pump Station,Public,,,,, 27-MAR-12 4:23 PM,Pump station with: 1 x 900 mm floodbox (condition unclear as infrastructure was submerged),,http://cosmos.surrey.ca/geo_ref/Images/Drainage/DykeInfrastructure/MS-9898-L.pdf,,,49.118713,-122.773193
196,MS-9889-L,1001762642,Serpentine Canal,9+320,9+889,Floodbox,,450,CM,Fair,Fair, 27-MAR-12 4:30 PM,,,http://cosmos.surrey.ca/geo_ref/Images/Drainage/DykeInfrastructure/MS-9889-L.pdf,,,49.118713,-122.773499
197,MS-9876-L,1001762643,Serpentine Canal,9+345,9+876,Floodbox,,400,Steel,Fair,Fair, 27-MAR-12 4:50 PM,,,http://cosmos.surrey.ca/geo_ref/Images/Drainage/DykeInfrastructure/MS-9876-L.pdf,,,49.118713,-122.773499
198,MS-9853-R,1001762644,Serpentine Canal,9+350,9+853,Pump Station,Public,,,Some parts poor (see general observation),, 27-MAR-12 4:39 PM,"Pump station with: 1 x 300 mm steel floodbox and 1 x 600 mm steel floodbox (fair condition and corrosion protection), 1 x 1200 mm floodbox (not visible) and 1 undocumented floodbox (poor condition; flap gate has detached from the floodbox) ",,http://cosmos.surrey.ca/geo_ref/Images/Drainage/DykeInfrastructure/MS-9853-R.pdf,,,49.118713,-122.774109
199,MS-9467-L,1001762645,Serpentine Canal,9+740,9+467,Pump Station,Private,,,,, 27-MAR-12 4:14 PM,Pump station does not appear to be in functional condition; Pump station with: 1 x 750 mm CM floodbox (not visible during site visit),,http://cosmos.surrey.ca/geo_ref/Images/Drainage/DykeInfrastructure/MS-9467-L.pdf,,,49.115295,-122.776184
200,MS-9106-R,1001762646,Serpentine Canal,10+090,9+106,Floodbox,,900,CM,Not thoroughly inspected - Submerged,n/a, 27-MAR-12 4:07 PM,,,http://cosmos.surrey.ca/geo_ref/Images/Drainage/DykeInfrastructure/MS-9106-R.pdf,,,49.112671,-122.778687
201,MS-9018-L,1001762647,Serpentine Canal,10+200,9+018,Floodbox,,1050,CM,Poor,Fair, 27-MAR-12 4:03 PM,Observed metallic repair sleeve on bottom of floodbox,,http://cosmos.surrey.ca/geo_ref/Images/Drainage/DykeInfrastructure/MS-9018-L.pdf,,,49.111877,-122.778809
202,MN-13366-L,1001762648,Nicomekl River,13+370 (estimated; no CoS as-built drawings available),13+366,Excessive dyke vegetation,,,,,, 12-MAR-12 2:24 PM,Extensive blackberry growth preventing access on left bank from 192nd side,,http://cosmos.surrey.ca/geo_ref/Images/Drainage/DykeInfrastructure/MN-13366-L.pdf,,,49.090088,-122.699829
203,MN-13304-R,1001762649,Nicomekl River,13+310 (estimated; no CoS as-built drawings available),13+304,Floodbox,,n/a,n/a,Not located,n/a, 12-MAR-12 2:24 PM,potential structure identified from COSMOS /w no other information,,http://cosmos.surrey.ca/geo_ref/Images/Drainage/DykeInfrastructure/MN-13304-R.pdf,,,49.089722,-122.700500
204,MN-13216-R,1001762650,Nicomekl River,12+220 (estimated; no CoS as-built drawings available),13+216,Floodbox,,n/a,n/a,Not located,n/a, 12-MAR-12 2:24 PM,potential structure identified from COSMOS /w no other information,,http://cosmos.surrey.ca/geo_ref/Images/Drainage/DykeInfrastructure/MN-13216-R.pdf,,,49.089722,-122.701782
205,MN-13193-L,1001762651,Nicomekl River,13+195 (estimated; no CoS as-built drawings available),13+193,Culvert,,n/a,n/a,n/a,n/a, 12-MAR-12 2:24 PM,Unidentified structure in water with no visible connection to land,,http://cosmos.surrey.ca/geo_ref/Images/Drainage/DykeInfrastructure/MN-13193-L.pdf,,,49.090271,-122.702087
206,MS-8767-L,1001762652,Serpentine River,10+440,8+767,Floodbox,,900,,Not thoroughly inspected - Submerged,n/a, 26-MAR-12 2:53 PM,,,http://cosmos.surrey.ca/geo_ref/Images/Drainage/DykeInfrastructure/MS-8767-L.pdf,,,49.110107,-122.779175
207,MS-8517-R,1001762653,Serpentine River,15+180,8+517,Floodbox,,800,HDPE,Fair,n/a, 26-MAR-12 2:34 PM,,,http://cosmos.surrey.ca/geo_ref/Images/Drainage/DykeInfrastructure/MS-8517-R.pdf,,,49.108521,-122.776306
208,MS-8480-L,1001762654,Serpentine River,10+720,8+480,Floodbox,,900,CM,Fair,Fair, 27-MAR-12 3:44 PM,"Reddish brown water flowing out of floodbox; floodbox requires vegetation maintenance and silt cleanup (updated with pers. comm., Golder and City of Surrey, May 15, 2012) ",,http://cosmos.surrey.ca/geo_ref/Images/Drainage/DykeInfrastructure/MS-8480-L.pdf,,,49.108887,-122.775696
209,MS-8282-L,1001762655,Serpentine River,10+910,8+282,Floodbox,,450,Wood,Not located,n/a, 27-MAR-12 3:34 PM,,,http://cosmos.surrey.ca/geo_ref/Images/Drainage/DykeInfrastructure/MS-8282-L.pdf,,,49.108887,-122.773010
210,MS-8261-L,1001762656,Serpentine River,10+940,8+261,Floodbox,,900,CM,Fair,Fair, 27-MAR-12 3:23 PM,,,http://cosmos.surrey.ca/geo_ref/Images/Drainage/DykeInfrastructure/MS-8261-L.pdf,,,49.108887,-122.772705
211,MS-8146-L,1001762657,Serpentine River,11+120,8+146,Floodbox,,750,CM,Not located,n/a, 27-MAR-12 3:11 PM,,,http://cosmos.surrey.ca/geo_ref/Images/Drainage/DykeInfrastructure/MS-8146-L.pdf,,,49.107910,-122.771790
212,MS-7837-L,1001762658,Serpentine River,11+370,7+837,Floodbox,,1050,CM,Fair,, 27-MAR-12 2:43 PM,,,http://cosmos.surrey.ca/geo_ref/Images/Drainage/DykeInfrastructure/MS-7837-L.pdf,,,49.107117,-122.768311
213,CC-1090-R,1001762660,Cloverdale Canal,1+090,n/a,Pump Station,Private,,,,, 09-APR-12 5:50 PM,No active connection from Pump station to/through dyke,,http://cosmos.surrey.ca/geo_ref/Images/Drainage/DykeInfrastructure/CC-1090-R.pdf,,,49.093323,-122.755615
214,CC-838-L,1001762661,Cloverdale Canal,0+838,n/a,Floodbox,,300,PVC,Fair,n/a, 09-APR-12 5:58 PM,,,http://cosmos.surrey.ca/geo_ref/Images/Drainage/DykeInfrastructure/CC-838-L.pdf,,,49.093506,-122.752075
215,CC-555-R,1001762662,Cloverdale Canal,0+555,n/a,Floodbox,,300,PVC,Poor,n/a, 09-APR-12 6:03 PM,Broken green PVC culvert; flap gate is also broken,,http://cosmos.surrey.ca/geo_ref/Images/Drainage/DykeInfrastructure/CC-555-R.pdf,,,49.093506,-122.748230
216,CC-505-L,1001762663,Cloverdale Canal,0+505,n/a,Pump Station,Private,,,,, 09-APR-12 6:09 PM,"Pump station with 1 x 300 mm PVC floodbox.  Flexible hose going through an existing floodbox; the floodbox flap gate was observed to be in the water, and was likely removed intentionally",Piping around outside of hose at least 1.2 m back of toe of dike.  Possible erosion potential.,http://cosmos.surrey.ca/geo_ref/Images/Drainage/DykeInfrastructure/CC-505-L.pdf,,,49.093323,-122.747620
217,CC-330-L,1001762664,Cloverdale Canal,0+330,n/a,Floodbox,,300,PVC,Fair,n/a, 09-APR-12 6:15 PM,Area very heavily vegetated,,http://cosmos.surrey.ca/geo_ref/Images/Drainage/DykeInfrastructure/CC-330-L.pdf,,,49.091675,-122.747925
218,CC-305-R,1001762665,Cloverdale Canal,0+305,n/a,Floodbox,,300,PVC,Fair,n/a, 09-APR-12 6:16 PM,,,http://cosmos.surrey.ca/geo_ref/Images/Drainage/DykeInfrastructure/CC-305-R.pdf,,,49.091675,-122.747986
219,MN-12619-L,1001762666,Nicomekl River,12+610 (estimated; no CoS as-built drawings available),12+619,Floodbox,,n/a,n/a,Not located,n/a, 12-MAR-12 2:12 PM,potential structure identified from COSMOS /w no other information,,http://cosmos.surrey.ca/geo_ref/Images/Drainage/DykeInfrastructure/MN-12619-L.pdf,,,49.087280,-122.707520
220,MN-12471-R,1001762667,Nicomekl River,12+475 (estimated; no CoS as-built drawings available),12+471,Culvert,,150,HDPE,n/a,n/a, 12-MAR-12 2:12 PM,End of 1 x 150 CM culvert and 1 x 150 plastic culvert observed to cross into the dyke on the land side; no indication of structure in the river side ,,http://cosmos.surrey.ca/geo_ref/Images/Drainage/DykeInfrastructure/MN-12471-R.pdf,,,49.086121,-122.708679
221,MN-12395-,1001762668,Nicomekl River,12+410 (estimated; no CoS as-built drawings available),12+395,Floodbox,,n/a,n/a,Not located,n/a, 12-MAR-12 2:12 PM,,,http://cosmos.surrey.ca/geo_ref/Images/Drainage/DykeInfrastructure/MN-12395-.pdf,,,49.085693,-122.707886
222,MN-11601-L,1001762669,Nicomekl River,11+580,11+601,Spillway,,,,,, 12-MAR-12 3:28 PM,,,http://cosmos.surrey.ca/geo_ref/Images/Drainage/DykeInfrastructure/MN-11601-L.pdf,,,49.086304,-122.716187
223,MN-10999-R,1001762670,Nicomekl River,11+030,10+999,Spillway,,,,,, 12-MAR-12 3:15 PM,,,http://cosmos.surrey.ca/geo_ref/Images/Drainage/DykeInfrastructure/MN-10999-R.pdf,,,49.084106,-122.721497
224,MN-10401-L,1001762671,Nicomekl River,10+380,10+401,Pump Station,Public,,,,, 12-MAR-12 4:00 PM,"Pump station with:  3 x 1220 mm CM floodboxes ((condition unclear as infrastructure was submerged; fair condition observed on dry side), 2 sluice gates and 2 corkscrew pumps",,http://cosmos.surrey.ca/geo_ref/Images/Drainage/DykeInfrastructure/MN-10401-L.pdf,,,49.087708,-122.723999
225,MN-10395-R,1001762672,Nicomekl River,10+380,10+395,Pump Station,Public,,,,, 12-MAR-12 3:34 PM,"Pump station with: 2 x 760 mm CM floodboxes (fair condition, fair corrosion protection), 1 x 900 mm CM floodbox (condition unclear as infrastructure was submerged)",,http://cosmos.surrey.ca/geo_ref/Images/Drainage/DykeInfrastructure/MN-10395-R.pdf,,,49.088074,-122.723999
226,MN-9511-L,1001762673,Nicomekl River,9+500,9+511,Floodbox,,380,CM,Not located,n/a, 12-MAR-12 3:51 PM,,,http://cosmos.surrey.ca/geo_ref/Images/Drainage/DykeInfrastructure/MN-9511-L.pdf,,,49.086121,-122.734680
227,MN-9506-L,1001762674,Nicomekl River,9+490,9+506,Pump Station,Private,,,,, 12-MAR-12 4:13 PM,"Pump: US Electric Emerson Pump, 75 HP, Model #20025423-100.  Pump station with: 2 x 300 mm PVC floodboxes (fair condition)",,http://cosmos.surrey.ca/geo_ref/Images/Drainage/DykeInfrastructure/MN-9506-L.pdf,,,49.085876,-122.734680
228,MN-9503-L,1001762675,Nicomekl River,9+505,9+503,Floodbox,,760,Wood,Not located,n/a, 12-MAR-12 3:51 PM,,,http://cosmos.surrey.ca/geo_ref/Images/Drainage/DykeInfrastructure/MN-9503-L.pdf,,,49.085876,-122.734802
229,MN-9497-L,1001762676,Nicomekl River,9+490,9+497,Culvert,,300,PVC,Fair,n/a, 12-MAR-12 3:51 PM,,,http://cosmos.surrey.ca/geo_ref/Images/Drainage/DykeInfrastructure/MN-9497-L.pdf,,,49.085876,-122.734802
230,MN-9487-L,1001762677,Nicomekl River,9+485,9+487,Floodbox,,1220,CM,Fair,Poor, 12-MAR-12 3:56 PM,"Materials peeling off floodbox; significant rusting observed (updated with pers. comm., Golder and City of Surrey, May 15, 2012) ",,http://cosmos.surrey.ca/geo_ref/Images/Drainage/DykeInfrastructure/MN-9487-L.pdf,,,49.085876,-122.734924
231,CC-145-L,1001762678,Cloverdale Canal,0+145,n/a,Pump Station,Private,,,,, 09-APR-12 6:19 PM,"Pump station with: 1 x 100 mm PVC culvert, a valve infrastructure on the crest of the dike",,http://cosmos.surrey.ca/geo_ref/Images/Drainage/DykeInfrastructure/CC-145-L.pdf,,,49.090088,-122.747925
232,CC-100-L,1001762679,Cloverdale Canal,0+100,n/a,Culvert,,700,Metal,Fair,Fair, 09-APR-12 6:23 PM,Area very heavily vegetated,,http://cosmos.surrey.ca/geo_ref/Images/Drainage/DykeInfrastructure/CC-100-L.pdf,,,49.089722,-122.747986
233,CC-50-L,1001762680,Cloverdale Canal,0+050,n/a,Floodbox,,200,PVC,Fair,n/a, 09-APR-12 6:25 PM,,,http://cosmos.surrey.ca/geo_ref/Images/Drainage/DykeInfrastructure/CC-50-L.pdf,,,49.089294,-122.747986
234,HC-1080-R,1001762681,Hyland Creek Tie-in,30+050,n/a,Culvert,,200,CM,Poor,n/a, 26-MAR-12 5:13 PM,Reddish brown material flowing out of culvert,Iron pipe emptying into channel.  Orange flaky material flowing from pipe.  Possibly indicative of corrosion of pipe.  Pipe is about 8 m from road edge.,http://cosmos.surrey.ca/geo_ref/Images/Drainage/DykeInfrastructure/HC-1080-R.pdf,,,49.119324,-122.800110
235,HC-1030-L,1001762682,Hyland Creek Tie-in,30+100,n/a,Culvert,,200,PVC,Poor,n/a, 26-MAR-12 5:07 PM,"No flap gate, culvert located close to water","200 mm diameter PVC pipe with no flap gate existing dyke.  Little flow observed during reconnaissance.  Possible internal erosion concern, depending on condition of pipe.  Observations of landside indicate elevation is higher than dyke crest.  Pipe is aba",http://cosmos.surrey.ca/geo_ref/Images/Drainage/DykeInfrastructure/HC-1030-L.pdf,,,49.119507,-122.799377
236,HC-850-L,1001762683,Hyland Creek Tie-in,30+280,n/a,Floodbox,,200,CSP,Not located,n/a, 26-MAR-12 5:03 PM,,,http://cosmos.surrey.ca/geo_ref/Images/Drainage/DykeInfrastructure/HC-850-L.pdf,,,49.119507,-122.796997
237,HC-820-R,1001762684,Hyland Creek Tie-in,30+310,n/a,Floodbox,,600,CSP,Not located,n/a, 26-MAR-12 5:03 PM,,,http://cosmos.surrey.ca/geo_ref/Images/Drainage/DykeInfrastructure/HC-820-R.pdf,,,49.119324,-122.796692
238,MS-7807-L,1001762685,Serpentine River,11+470,7+807,Floodbox,,900,CM,Not thoroughly inspected - Vegetation,n/a, 27-MAR-12 2:41 PM,Area very heavily vegetated,,http://cosmos.surrey.ca/geo_ref/Images/Drainage/DykeInfrastructure/MS-7807-L.pdf,,,49.106873,-122.767883
239,MS-7610-L,1001762686,Serpentine River,11+660,7+610,Floodbox,,915,CM,Not thoroughly inspected - Vegetation,n/a, 27-MAR-12 2:33 PM,Area very heavily vegetated,,http://cosmos.surrey.ca/geo_ref/Images/Drainage/DykeInfrastructure/MS-7610-L.pdf,,,49.105286,-122.769226
240,MS-7577-R,1001762687,Serpentine River,11+680,7+577,Floodbox,,915,CSP,Not thoroughly inspected - Submerged,n/a, 09-MAR-12 3:50 PM,Some corrosion visible,,http://cosmos.surrey.ca/geo_ref/Images/Drainage/DykeInfrastructure/MS-7577-R.pdf,,,49.105103,-122.769592
241,MS-7564-R,1001762688,Serpentine River,11+690,7+564,Pump Station,Private,,,Not located,, 09-MAR-12 3:50 PM,No pump station at location indicated by CoS as-built drawings,,http://cosmos.surrey.ca/geo_ref/Images/Drainage/DykeInfrastructure/MS-7564-R.pdf,,,49.105103,-122.769775
242,MS-7517-R,1001762689,Serpentine River,11+750,7+517,Floodbox,,600,,Not thoroughly inspected - Vegetation,n/a, 26-MAR-12 2:18 PM,Area very heavily vegetated,,http://cosmos.surrey.ca/geo_ref/Images/Drainage/DykeInfrastructure/MS-7517-R.pdf,,,49.104675,-122.769592
243,LS-7490-L,1001762690,Serpentine River,11+770,7+490,Floodbox,,800,Wood,Not located,n/a, 09-MAR-12 11:14 AM,,,http://cosmos.surrey.ca/geo_ref/Images/Drainage/DykeInfrastructure/LS-7490-L.pdf,,,49.104492,-122.769226
244,MN-9477-L,1001762691,Nicomekl River,9+480,9+477,Floodbox,,760,Wood,Poor,n/a, 12-MAR-12 3:56 PM,"Floodbox without flap gate (updated with pers. comm., Golder and City of Surrey, May 15, 2012) ",,http://cosmos.surrey.ca/geo_ref/Images/Drainage/DykeInfrastructure/MN-9477-L.pdf,,,49.085876,-122.734985
245,MN-9443-R,1001762692,Nicomekl River,9+440,9+443,Pump Station,Private,,,,, 24-FEB-12 1:23 PM,Pump station with: 1 x 150 mm PVC culvert (fair condition),,http://cosmos.surrey.ca/geo_ref/Images/Drainage/DykeInfrastructure/MN-9443-R.pdf,,,49.086121,-122.735718
246,MN-9424-L,1001762693,Nicomekl River,9+420,9+424,Floodbox,,600,HDPE,Not thoroughly inspected - Submerged,n/a, 13-MAR-12 2:35 PM,,,http://cosmos.surrey.ca/geo_ref/Images/Drainage/DykeInfrastructure/MN-9424-L.pdf,,,49.085693,-122.735779
247,MN-9049-R,1001762694,Nicomekl River,9+040,9+049,Culvert,,150,PVC,n/a,n/a, 24-FEB-12 1:23 PM,PVC culvert mostly buried,,http://cosmos.surrey.ca/geo_ref/Images/Drainage/DykeInfrastructure/MN-9049-R.pdf,,,49.084717,-122.740601
248,MN-9050-R,1001762695,Nicomekl River,9+040,9+050,Floodbox,,600,HDPE,Not located,n/a, 24-FEB-12 1:23 PM,,,http://cosmos.surrey.ca/geo_ref/Images/Drainage/DykeInfrastructure/MN-9050-R.pdf,,,49.084717,-122.740601
249,MN-8623-L,1001762696,Nicomekl River,8+620,8+623,Pump Station,Public,,,,, 24-FEB-12 12:32 PM,"Pump station with: 2 x 540 mm steel floodboxes (fair condition and corrosion protection), 2 x 1060 and 1 x 1220 CM floodboxes (condition unclear due to infrastructure submerged during the site visit)",,http://cosmos.surrey.ca/geo_ref/Images/Drainage/DykeInfrastructure/MN-8623-L.pdf,,,49.084473,-122.746277
250,MN-8400-L,1001762697,Nicomekl River,8+400,8+400,Floodbox,,610,Wood,Not thoroughly inspected - Submerged,n/a, 24-FEB-12 12:32 PM,,,http://cosmos.surrey.ca/geo_ref/Images/Drainage/DykeInfrastructure/MN-8400-L.pdf,,,49.085510,-122.749084
251,MN-8040-R,1001762698,Nicomekl River,8+020,8+040,Pump Station,Private,,,,, 24-FEB-12 12:32 PM,Pump station with: 100 mm PVC culvert (fair condition),,http://cosmos.surrey.ca/geo_ref/Images/Drainage/DykeInfrastructure/MN-8040-R.pdf,,,49.088684,-122.747986
252,MN-8024-R,1001762699,Nicomekl River,8+010,8+024,Pump Station,Public,,,,, 24-FEB-12 12:32 PM,"infrastructure not visible, and information not available from CoS as-built drawings on COSMOS",,http://cosmos.surrey.ca/geo_ref/Images/Drainage/DykeInfrastructure/MN-8024-R.pdf,,,49.088928,-122.748291
253,MN-7945-R,1001762700,Nicomekl River,7+940,7+945,Floodbox,,915,CM,Not located,n/a, 24-FEB-12 12:05 PM,,,http://cosmos.surrey.ca/geo_ref/Images/Drainage/DykeInfrastructure/MN-7945-R.pdf,,,49.089111,-122.749390
254,MN-7771-L,1001762701,Nicomekl River,7+770,7+771,Floodbox,,315,Wood,Not located,n/a, 24-FEB-12 12:05 PM,,,http://cosmos.surrey.ca/geo_ref/Images/Drainage/DykeInfrastructure/MN-7771-L.pdf,,,49.089722,-122.751587
255,MN-7514-R,1001762702,Nicomekl River,7+510,7+514,Floodbox,,n/a,n/a,Abandoned,n/a, 24-FEB-12 12:05 PM,,,http://cosmos.surrey.ca/geo_ref/Images/Drainage/DykeInfrastructure/MN-7514-R.pdf,,,49.091675,-122.753296
256,MN-7353-R,1001762703,Nicomekl River,7+220,7+353,Excessive dyke vegetation,,n/a,n/a,n/a,n/a, 24-FEB-12 11:55 AM,Thick blackberry bush; difficult access,,http://cosmos.surrey.ca/geo_ref/Images/Drainage/DykeInfrastructure/MN-7353-R.pdf,,,49.090698,-122.755005
257,MN-7223-R,1001762704,Nicomekl River,7+220,7+223,Pump Station,Public,,,,, 24-FEB-12 11:34 AM,"Pump station with: 2 x 510 mm CM floodboxes, 1 x 1800 mm wood rectangular floodbox (fair condition and corrosion protection)",,http://cosmos.surrey.ca/geo_ref/Images/Drainage/DykeInfrastructure/MN-7223-R.pdf,,,49.090698,-122.756409
258,LS-7489-R,1001762705,Serpentine River,11+770,7+489,Floodbox,,450,Wood,Not located,n/a, 09-MAR-12 11:14 AM,,,http://cosmos.surrey.ca/geo_ref/Images/Drainage/DykeInfrastructure/LS-7489-R.pdf,,,49.104492,-122.769592
259,LS-7476-L,1001762706,Serpentine River,11+780,7+476,Forcemain,,1050,n/a,Not located,n/a, 09-MAR-12 11:14 AM,,,http://cosmos.surrey.ca/geo_ref/Images/Drainage/DykeInfrastructure/LS-7476-L.pdf,,,49.104309,-122.769287
260,LS-7477-L,1001762707,Serpentine River,11+780,7+477,Forcemain,,500,n/a,Not located,n/a, 09-MAR-12 11:14 AM,,,http://cosmos.surrey.ca/geo_ref/Images/Drainage/DykeInfrastructure/LS-7477-L.pdf,,,49.104309,-122.769287
261,LS-7468-L,1001762708,Serpentine River,11+800,7+468,Pump Station,Private,,,,, 09-MAR-12 11:14 AM,Possible Pump station with a PVC culvert leading to water; Undocumented in CoS as-built drawings,,http://cosmos.surrey.ca/geo_ref/Images/Drainage/DykeInfrastructure/LS-7468-L.pdf,,,49.104309,-122.769775
262,LS-7354-R,1001762709,Serpentine River,11+900,7+354,Pump Station,Private,,,,, 09-MAR-12 11:18 AM,Pump station with: 1 x 600 mm HDPE floodbox (condition unclear as infrastructure was submerged).  Different from CoS document which lists floodbox material as CSP,,http://cosmos.surrey.ca/geo_ref/Images/Drainage/DykeInfrastructure/LS-7354-R.pdf,,,49.103271,-122.770203
263,LS-7035-R,1001762710,Serpentine River,12+220,7+035,Fence,,,,,, 09-MAR-12 11:28 AM,"Barbed wire fence on right bank, dyke is assessable by foot traffic",,http://cosmos.surrey.ca/geo_ref/Images/Drainage/DykeInfrastructure/LS-7035-R.pdf,,,49.100281,-122.769775
264,LS-7006-L,1001762711,Serpentine River,12+240,7+006,Floodbox,,n/a,n/a,Not located,n/a, 09-MAR-12 11:28 AM,"Broken floodbox (pers. comm. City of Surrey, May 15, 2012) ",,http://cosmos.surrey.ca/geo_ref/Images/Drainage/DykeInfrastructure/LS-7006-L.pdf,,,49.100281,-122.769226
265,LS-6998-R,1001762712,Serpentine River,12+260,6+998,Pump Station,Private,,,Some parts poor (see general observation),, 09-MAR-12 11:37 AM,"Pump station with: 1 x 600 mm CSP floodbox (poor condition and corrosion protection ; a metal sleeve appeared to have been used to repair the top of the floodbox), 1 x 250 mm and 1 x 150 mm PVC culvert (fair condition)",,http://cosmos.surrey.ca/geo_ref/Images/Drainage/DykeInfrastructure/LS-6998-R.pdf,,,49.100098,-122.769714
266,HC-770-R,1001762713,Hyland Creek Tie-in,30+360,n/a,Floodbox,,300,CSP,Not thoroughly inspected - Vegetation,n/a, 26-MAR-12 4:59 PM,Area very heavily vegetated,,http://cosmos.surrey.ca/geo_ref/Images/Drainage/DykeInfrastructure/HC-770-R.pdf,,,49.119324,-122.796509
267,HC-620-L,1001762714,Hyland Creek Tie-in,30+510,n/a,Floodbox,,300,CSP,Not located,n/a, 26-MAR-12 4:48 PM,,,http://cosmos.surrey.ca/geo_ref/Images/Drainage/DykeInfrastructure/HC-620-L.pdf,,,49.119507,-122.794006
268,HC-540-R,1001762715,Hyland Creek Tie-in,30+590,n/a,Floodbox,,300,CM,Fair,Fair, 26-MAR-12 4:41 PM,flap gate completely open; appears to be manually pulled open; flap gate closed manually,,http://cosmos.surrey.ca/geo_ref/Images/Drainage/DykeInfrastructure/HC-540-R.pdf,,,49.119324,-122.792725
269,HC-520-L,1001762716,Hyland Creek Tie-in,30+610,n/a,Floodbox,,300,CM,Not thoroughly inspected - Vegetation,n/a, 26-MAR-12 4:38 PM,Area very heavily vegetated,,http://cosmos.surrey.ca/geo_ref/Images/Drainage/DykeInfrastructure/HC-520-L.pdf,,,49.119324,-122.792480
270,HC-420-R,1001762717,Hyland Creek Tie-in,30+710,n/a,Floodbox,,300,CSP,Fair,Fair, 26-MAR-12 4:33 PM,Area very heavily vegetated,,http://cosmos.surrey.ca/geo_ref/Images/Drainage/DykeInfrastructure/HC-420-R.pdf,,,49.119324,-122.791077
271,LN-7220-L,1001762718,Nicomekl River,7+200,7+220,Fence,,,,,, 28-MAR-12 2:36 PM,Fence and extensive blackberry growth preventing access on left bank 168 Street,,http://cosmos.surrey.ca/geo_ref/Images/Drainage/DykeInfrastructure/LN-7220-L.pdf,,,49.090088,-122.756775
272,LN-6971-R,1001762719,Nicomekl River,6+965,6+971,Floodbox,,800-900,HDPE,Not thoroughly inspected - Submerged,n/a, 28-MAR-12 2:36 PM,,,http://cosmos.surrey.ca/geo_ref/Images/Drainage/DykeInfrastructure/LN-6971-R.pdf,,,49.089722,-122.759216
273,LN-6962-R,1001762720,Nicomekl River,6+970,6+962,Pump Station,Private,,,,, 28-MAR-12 2:32 PM,CoS notice to remove the Pump station.  Pump station with: 1 x 450 mm CSP floodbox (fair condition and corrosion protection),,http://cosmos.surrey.ca/geo_ref/Images/Drainage/DykeInfrastructure/LN-6962-R.pdf,,,49.089722,-122.759521
274,LN-6955-R,1001762721,Nicomekl River,9+955,6+955,Fence,,,,,, 28-MAR-12 2:38 PM,Remainder of a fence gate on the dyke crest; dyke is assessable by foot traffic,,http://cosmos.surrey.ca/geo_ref/Images/Drainage/DykeInfrastructure/LN-6955-R.pdf,,,49.089478,-122.759277
275,LN-6937-R,1001762722,Nicomekl River,6+935,6+937,Pump Station,Private,,,,, 28-MAR-12 2:39 PM,Pump station and floodbox undocumented in CoS as-built drawings.  Pump station with: 1 x 200 mm PVC floodbox (fair condition),,http://cosmos.surrey.ca/geo_ref/Images/Drainage/DykeInfrastructure/LN-6937-R.pdf,,,49.089478,-122.759399
276,US-18310-R,1001762723,Serpentine River,0+930,18+310,Floodbox,,600,CM,Fair,Fair, 08-MAR-12 11:24 AM,"Branch stuck in flap gate, recommend vegetation maintenance",,http://cosmos.surrey.ca/geo_ref/Images/Drainage/DykeInfrastructure/US-18310-R.pdf,,,49.168091,-122.751221
277,US-18253-R,1001762724,Serpentine River,0+990,18+253,Floodbox,,600,CM,Fair,Fair, 08-MAR-12 11:02 AM,Area very heavily vegetated,,http://cosmos.surrey.ca/geo_ref/Images/Drainage/DykeInfrastructure/US-18253-R.pdf,,,49.167480,-122.750916
278,US-18139-R,1001762725,Serpentine River,1+100,18+139,Floodbox,,600,CM,Fair,Fair, 08-MAR-12 10:56 AM,Area very heavily vegetated,,http://cosmos.surrey.ca/geo_ref/Images/Drainage/DykeInfrastructure/US-18139-R.pdf,,,49.166687,-122.750183
279,US-18105-L,1001762726,Serpentine River,1+100,18+105,Floodbox,,600,CM,Fair,Fair, 08-MAR-12 10:41 AM,Surrounded by dense vegetation  Floodbox appeared to be partially silted in,,http://cosmos.surrey.ca/geo_ref/Images/Drainage/DykeInfrastructure/US-18105-L.pdf,,,49.166687,-122.749695
280,US-18084-R,1001762727,Serpentine River,1+160,18+084,Floodbox,,600,CM,Fair,Fair, 08-MAR-12 10:49 AM,Floodbox by livestock bridge,,http://cosmos.surrey.ca/geo_ref/Images/Drainage/DykeInfrastructure/US-18084-R.pdf,,,49.166321,-122.749878
281,US-17730-R,1001762728,Serpentine River,1+520,17+730,Floodbox,,900,CM,Fair,Fair, 08-MAR-12 11:55 AM,Area very heavily vegetated,,http://cosmos.surrey.ca/geo_ref/Images/Drainage/DykeInfrastructure/US-17730-R.pdf,,,49.163330,-122.748230
282,US-17697-L,1001762729,Serpentine River,1+520,17+697,Floodbox,,900,CSP,Fair,Fair, 08-MAR-12 11:29 AM,Area very heavily vegetated,,http://cosmos.surrey.ca/geo_ref/Images/Drainage/DykeInfrastructure/US-17697-L.pdf,,,49.163330,-122.747620
283,US-17335-R,1001762730,Serpentine River,1+900,17+335,Culvert,,n/a,n/a,Not located,n/a, 08-MAR-12 12:04 PM,,,http://cosmos.surrey.ca/geo_ref/Images/Drainage/DykeInfrastructure/US-17335-R.pdf,,,49.160522,-122.745789
284,US-17230-R,1001762731,Serpentine River,1+980,17+230,Floodbox,,450,CSP,Not located,n/a, 08-MAR-12 11:54 AM,,,http://cosmos.surrey.ca/geo_ref/Images/Drainage/DykeInfrastructure/US-17230-R.pdf,,,49.159912,-122.744324
285,HC-340-R,1001762732,Hyland Creek Tie-in,30+790,n/a,Floodbox,,900,CM,Fair,Fair, 26-MAR-12 4:27 PM,,,http://cosmos.surrey.ca/geo_ref/Images/Drainage/DykeInfrastructure/HC-340-R.pdf,,,49.119324,-122.789978
286,HC-310-L,1001762733,Hyland Creek Tie-in,30+820,n/a,Floodbox,,600,CSP,Not thoroughly inspected - Vegetation,n/a, 26-MAR-12 4:23 PM,Area very heavily vegetated,,http://cosmos.surrey.ca/geo_ref/Images/Drainage/DykeInfrastructure/HC-310-L.pdf,,,49.119324,-122.789612
287,HC-170-R,1001762734,Hyland Creek Tie-in,30+960,n/a,Floodbox,,200,CSP,Fair,Fair, 26-MAR-12 4:17 PM,,,http://cosmos.surrey.ca/geo_ref/Images/Drainage/DykeInfrastructure/HC-170-R.pdf,,,49.119324,-122.787720
288,HC-50-L,1001762735,Hyland Creek Tie-in,31+080,n/a,Floodbox,,600,CM,Not thoroughly inspected - Vegetation,n/a, 26-MAR-12 4:03 PM,Area very heavily vegetated,,http://cosmos.surrey.ca/geo_ref/Images/Drainage/DykeInfrastructure/HC-50-L.pdf,,,49.119324,-122.786011
289,LC-1150-L,1001762736,Latimer Creek Tie-in,1+150,n/a,Dyke,,n/a,n/a,n/a,n/a, 8-MAY-12 5:12 PM,A visible hole on the wet side of the dyke,Approximate 1 m diameter hole in dyke extending at least 1.2 m to 1.5 m into dyke.  Possibly significant erosion and piping concern.  May be due to burrowing animals.,http://cosmos.surrey.ca/geo_ref/Images/Drainage/DykeInfrastructure/LC-1150-L.pdf,,,49.155518,-122.710083
290,LC-930-R,1001762737,Latimer Creek Tie-in,0+930,n/a,Culvert,,175,PVC,Fair,n/a, 29-MAR-12 3:17 PM,,175 mm diameter PVC pipe draining into water side.  Scour below pipe invert.  Sediment in pipe.  ,http://cosmos.surrey.ca/geo_ref/Images/Drainage/DykeInfrastructure/LC-930-R.pdf,,,49.155701,-122.713623
291,LC-220-L,1001762738,Latimer Creek Tie In,0+220,n/a,Concrete Wall,,n/a,n/a,n/a,n/a, 29-MAR-12 3:40 PM,A wall section approximately 26 m dike connects the existing dike; there is a sign stating that gas line present,,http://cosmos.surrey.ca/geo_ref/Images/Drainage/DykeInfrastructure/LC-220-L.pdf,,,49.155518,-122.723511
292,LC-220-R,1001762739,Latimer Creek Tie In,0+220,n/a,Concrete Wall,,n/a,n/a,n/a,n/a, 29-MAR-12 3:40 PM,A wall section approximately 26 m dike connects the existing dike; there is a sign stating that gas line present,,http://cosmos.surrey.ca/geo_ref/Images/Drainage/DykeInfrastructure/LC-220-R.pdf,,,49.155701,-122.723389
293,LC-70-L,1001762740,Latimer Creek Tie In,0+070,n/a,Spillway,,n/a,n/a,n/a,n/a, 29-MAR-12 3:45 PM,,,http://cosmos.surrey.ca/geo_ref/Images/Drainage/DykeInfrastructure/LC-70-L.pdf,,,49.155518,-122.725586
294,LC-70-R,1001762741,Latimer Creek Tie In,0+070,n/a,Spillway,,n/a,n/a,n/a,n/a, 29-MAR-12 3:45 PM,,,http://cosmos.surrey.ca/geo_ref/Images/Drainage/DykeInfrastructure/LC-70-R.pdf,,,49.155884,-122.725586
295,LS-6761-R,1001762742,Serpentine River,12+480,6+761,Pump Station,Private,,,,, 09-MAR-12 11:51 AM,"Pump has CoS notice to remove, and appeared to be disconnected.  Pump station with: 1 x 250 mm CSP floodbox and 1 x 450 mm CSP floodbox (not visible due to heavy vegetation), 1 x 150 mm PVC culvert",,http://cosmos.surrey.ca/geo_ref/Images/Drainage/DykeInfrastructure/LS-6761-R.pdf,,,49.098511,-122.767395
296,LS-6738-L,1001762743,Serpentine River,12+500,6+738,Excessive dyke vegetation,,n/a,n/a,n/a,n/a, 09-MAR-12 11:51 AM,Thick blackberry bush on dyke between 12+480 and 12+680; left bank of dyke inaccessible downstream of railway,,http://cosmos.surrey.ca/geo_ref/Images/Drainage/DykeInfrastructure/LS-6738-L.pdf,,,49.098083,-122.767212
297,LS-6581-L,1001762744,Serpentine River,12+680,6+581,Floodbox,,1200,CSP,Fair,Fair, 09-MAR-12 11:57 AM,,,http://cosmos.surrey.ca/geo_ref/Images/Drainage/DykeInfrastructure/LS-6581-L.pdf,,,49.097107,-122.769104
298,US-16950-R,1001762745,Serpentine River,2+260,16+950,Floodbox,,1400,CSP,Not thoroughly inspected - Vegetation,n/a, 08-MAR-12 11:54 AM,Area very heavily vegetated,,http://cosmos.surrey.ca/geo_ref/Images/Drainage/DykeInfrastructure/US-16950-R.pdf,,,49.159119,-122.741699
299,US-16833-R,1001762746,Serpentine River,2+380,16+833,Floodbox,,900,n/a,Not located,n/a, 08-MAR-12 1:04 PM,,,http://cosmos.surrey.ca/geo_ref/Images/Drainage/DykeInfrastructure/US-16833-R.pdf,,,49.159119,-122.740112
300,US-16652-L,1001762747,Serpentine River,2+560,16+652,Floodbox,,900,CSP,Fair,Fair, 08-MAR-12 1:04 PM,,,http://cosmos.surrey.ca/geo_ref/Images/Drainage/DykeInfrastructure/US-16652-L.pdf,,,49.159119,-122.737610
301,US-16565-L,1001762748,Serpentine River,2+650,16+565,Floodbox,,900,CSP,Not located,n/a, 08-MAR-12 1:04 PM,,,http://cosmos.surrey.ca/geo_ref/Images/Drainage/DykeInfrastructure/US-16565-L.pdf,,,49.159119,-122.736511
302,US-16498-L,1001762749,Serpentine River,2+710,16+498,Pump Station,Private,,,,, 08-MAR-12 1:00 PM,Pump station with: a section of pvc culvert not connected to the dike at the time of field visit,,http://cosmos.surrey.ca/geo_ref/Images/Drainage/DykeInfrastructure/US-16498-L.pdf,,,49.159302,-122.735596
303,US-16463-L,1001762750,Serpentine River,2+740,16+463,Floodbox,,900,CSP,Fair,Fair, 08-MAR-12 1:50 PM,,,http://cosmos.surrey.ca/geo_ref/Images/Drainage/DykeInfrastructure/US-16463-L.pdf,,,49.159119,-122.735107
304,US-16463-R,1001762751,Serpentine River,2+750,16+463,Floodbox,,480,,Not located,n/a, 08-MAR-12 1:09 PM,,,http://cosmos.surrey.ca/geo_ref/Images/Drainage/DykeInfrastructure/US-16463-R.pdf,,,49.158875,-122.734985
305,US-16450-L,1001762752,Serpentine River,2+750,16+450,Floodbox,,1000,CSP,Not located,n/a, 08-MAR-12 1:50 PM,,,http://cosmos.surrey.ca/geo_ref/Images/Drainage/DykeInfrastructure/US-16450-L.pdf,,,49.159119,-122.734924
306,LN-6568-L,1001762753,Nicomekl River,6+560,6+568,Pump Station,Private,,,,, 28-MAR-12 2:49 PM,Pump station with: 1 x 300 mm PVC floodbox (fair condition).  no public path access to pump station; dyke inaccessible from 168th street,,http://cosmos.surrey.ca/geo_ref/Images/Drainage/DykeInfrastructure/LN-6568-L.pdf,,,49.086121,-122.760010
307,LN-6268-R,1001762754,Nicomekl River,6+260,6+268,Pump Station,Private,,,,, 28-MAR-12 3:00 PM,"Pump station with: 1 x 1200 mm HDPE floodbox (fair condition), 2 flexible plastic hoses, 1 float for pump intake in the river",,http://cosmos.surrey.ca/geo_ref/Images/Drainage/DykeInfrastructure/LN-6268-R.pdf,,,49.086121,-122.764282
308,LN-5963-R,1001762755,Nicomekl River,5+960,5+963,Pump Station,Private,,,,, 28-MAR-12 3:13 PM,"Pump station with: John Deers Power Tech 4.5 L pump, 1 x 915 mm CM floodbox (not visible during site visit), 1 x 200 mm PVC culvert (fair condition), 1 float for pump intake in the river.",,http://cosmos.surrey.ca/geo_ref/Images/Drainage/DykeInfrastructure/LN-5963-R.pdf,,,49.084717,-122.767700
309,LN-5855-R,1001762756,Nicomekl River,5+820,5+855,Floodbox,,1020,CM,Fair,Fair, 28-MAR-12 3:19 PM,Some rust observed,,http://cosmos.surrey.ca/geo_ref/Images/Drainage/DykeInfrastructure/LN-5855-R.pdf,,,49.084106,-122.768982
310,LN-5727-R,1001762757,Nicomekl River,5+720,5+727,Floodbox,,950,CM,Fair,Fair, 28-MAR-12 3:23 PM,Some rust observed,,http://cosmos.surrey.ca/geo_ref/Images/Drainage/DykeInfrastructure/LN-5727-R.pdf,,,49.083313,-122.770203
311,LS-6542-R,1001762758,Serpentine River,12+680,6+542,Fence,,,,,, 09-MAR-12 12:00 PM,"Fence removed, gate still present on dyke crest",,http://cosmos.surrey.ca/geo_ref/Images/Drainage/DykeInfrastructure/LS-6542-R.pdf,,,49.097107,-122.769775
312,LS-6442-L,1001762759,Serpentine River,12+820,6+442,Fence,,,,,, 09-MAR-12 12:00 PM,Fence undocumented in CoS as-built drawings,,http://cosmos.surrey.ca/geo_ref/Images/Drainage/DykeInfrastructure/LS-6442-L.pdf,,,49.096313,-122.770813
313,LS-6430-L,1001762760,Serpentine River,12+830,6+430,Floodbox,,900,CSP,Fair,n/a, 09-MAR-12 12:06 PM,,,http://cosmos.surrey.ca/geo_ref/Images/Drainage/DykeInfrastructure/LS-6430-L.pdf,,,49.096313,-122.770996
314,LS-6355-L,1001762761,Serpentine River,12+920,6+355,Fence,,,,,, 09-MAR-12 12:09 PM,Fence across dyke; documented in CoS as-built drawings,,http://cosmos.surrey.ca/geo_ref/Images/Drainage/DykeInfrastructure/LS-6355-L.pdf,,,49.096130,-122.771912
315,LS-6264-L,1001762762,Serpentine River,13+000,6+264,Floodbox,,800,CSP,Poor,Poor, 09-MAR-12 12:21 PM,"Broken floodbox; holes observed on floodbox (updated with pers. comm., Golder and City of Surrey, May 15, 2012) ",,http://cosmos.surrey.ca/geo_ref/Images/Drainage/DykeInfrastructure/LS-6264-L.pdf,,,49.095886,-122.773193
316,LS-5998-L,1001762763,Serpentine River,13+260,5+998,Floodbox,,800,CSP,Fair,Fair, 09-MAR-12 12:30 PM,,,http://cosmos.surrey.ca/geo_ref/Images/Drainage/DykeInfrastructure/LS-5998-L.pdf,,,49.094727,-122.776001
317,LS-5924-R,1001762764,Serpentine River,13+330,5+924,Pump Station,Private,,,,, 09-MAR-12 12:35 PM,Undocumented in CoS as-built drawings  AMIAD filtration system  Potential well infrastructure,,http://cosmos.surrey.ca/geo_ref/Images/Drainage/DykeInfrastructure/LS-5924-R.pdf,,,49.094727,-122.777100
318,LS-5814-L,1001762765,Serpentine River,13+450,5+814,Pump Station,Private,,,,, 09-MAR-12 12:35 PM,"Pump station with: 1 x 250 mm PVC culvert on the dry side connected to a flexible hose on the wet side (fair condition), 1 float for pump intake",,http://cosmos.surrey.ca/geo_ref/Images/Drainage/DykeInfrastructure/LS-5814-L.pdf,,,49.094116,-122.778381
319,LS-5784-L,1001762766,Serpentine River,13+475,5+784,Pump Station,Private,,,,, 09-MAR-12 12:35 PM,Pump station with: 1 x 100 mm PVC culvert (fair condition),,http://cosmos.surrey.ca/geo_ref/Images/Drainage/DykeInfrastructure/LS-5784-L.pdf,,,49.093872,-122.778809
320,LS-5777-R,1001762767,Serpentine River,13+470,5+777,Fence,,,,,, 09-MAR-12 12:35 PM,Fenced across the dyke; gate unlockable due to tangled barbed wire; difficult access,,http://cosmos.surrey.ca/geo_ref/Images/Drainage/DykeInfrastructure/LS-5777-R.pdf,,,49.094116,-122.778809
321,LS-5777-R,1001762768,Serpentine River,13+480,5+777,Floodbox,,600,n/a,Not located,n/a, 09-MAR-12 12:35 PM,,,http://cosmos.surrey.ca/geo_ref/Images/Drainage/DykeInfrastructure/LS-5777-R.pdf,,,49.094116,-122.778809
322,BC-1815-R,1001762769,Bear Creek Tie-in,5+040 (different chainage),n/a,Culvert,,300,CSP,Not Located,n/a, 26-MAR-12 4:20 PM,"Infrastructure not along the Bear Creek Tie-in system; approximately 185 m west of where the creek bends northwest, or 85 m east of 152nd Street",,http://cosmos.surrey.ca/geo_ref/Images/Drainage/DykeInfrastructure/BC-1815-R.pdf,,,49.135498,-122.799683
323,BC-1630-R,1001762770,Bear Creek Tie-in,5+210 (different chainage),n/a,Culvert,,610,CSP,Not Located,n/a, 26-MAR-12 4:20 PM,,,http://cosmos.surrey.ca/geo_ref/Images/Drainage/DykeInfrastructure/BC-1630-R.pdf,,,49.135498,-122.797180
324,BC-960-R,1001762771,Bear Creek Tie-in,2+500,n/a,Floodbox,,760,CSP,Fair,Fair, 26-MAR-12 3:55 PM,,,http://cosmos.surrey.ca/geo_ref/Images/Drainage/DykeInfrastructure/BC-960-R.pdf,,,49.133728,-122.790100
