,ADDRESS,COLLECTION_DAY,COMPLEX_NAME,CRE_DATE,MOD_DATE,NO_OF_TOTE,NO_OF_UNITS
0,12915 17 AVE,Monday,OCEAN PARK VILLAGE,,20170616,24,66
1,9978 151 ST,Wednesday,SPRING COURT,,20170616,3,30
2,12038 62 AVE,Tuesday,PACIFIC GARDENS,,20170616,3,16
3,9947 151 ST,Wednesday,SPENCERS GATE,,20170616,4,6
4,15342 20 AVE,Monday,STERLING PLACE,,20170616,4,32
5,9971 138 ST,Thursday,SOMMERSET HOUSE,,20170616,3,39
6,13300 OLD YALE RD,Thursday,TOTERS,,20170616,3,51
7,2603 151 ST,Monday,SUNNYSIDE VILLAS,,20170616,6,60
8,15055 20 AVE,Monday,HIGHGROVE APT,,20170616,3,80
9,14145 103 AVE,Friday,AMA,,20170616,3,22
10,6455 121 ST,Tuesday,SUNSET GROVE,,20170616,6,36
11,17707 57A AVE,Wednesday,FRANCES MANOR,,20170616,3,28
12,13353 108 AVE,Thursday,CORNER STONES,,20170616,14,278
13,9370 122 ST,Thursday,BONNYDOOR VILLAGE,,20170616,10,76
14,17660 60 AVE,Wednesday,HOFFMAN MANOR,,20170616,3,43
15,13751 74 AVE,Tuesday,ARBOURSIDE COURT,,20170616,3,92
16,12158 82 AVE,Tuesday,SANDPIPER HOUSING,,20170616,8,50
17,13820 72 AVE,Tuesday,HAWTHORNE CO-OP,,20170616,4,59
18,10228 148 ST,Friday,SHANNON GARDENS,,20170616,8,126
19,16137 83 AVE,Wednesday,FERNWOOD,,20170616,5,47
20,2880 152 ST,Monday,ROSEMARY GREEN,,20170616,5,38
21,13775 74 AVE,Tuesday,HAMPTON PLACE,,20170616,6,69
22,14154 103 AVE,Friday,TIFFANY SPRINGS,,20170616,6,49
23,13710 74 AVE,Tuesday,AVONDALE,,20170616,12,70
24,9763 140 ST,Thursday,FRASER GATE APTS,,20170616,30,129
25,2689 PARKWAY DR,Monday,ALLURE,20121008,20170616,8,54
26,13277 108 AVE,Thursday,PACIFICA,20121008,20170616,5,112
27,15268 18 AVE,Monday,PARK PLACE,20121008,20170616,3,24
28,13239 OLD YALE RD,Thursday,FUSE,20121008,20170616,3,85
29,15168 19 AVE,Monday,MINT,20121008,20170616,4,59
30,11255 132 ST,Thursday,FRASERVIEW TERRACE,20121008,20170616,7,58
31,15918 26 AVE,Monday,THE MORGAN,20121008,20170616,15,121
32,16421 64 AVE,Wednesday,ST. ANDREWS,20121008,20170616,24,219
33,8084 120A ST,Tuesday,ECLIPSE,20121008,20170616,5,57
34,15501 16 AVE,Monday,LIFESTYLE RETIREMENT COMMUNITY CENTRE,20121008,20170616,3,1
35,8183 121A ST,Tuesday,CELESTE,20121008,20170616,5,77
36,9655 KING GEORGE BLVD,Thursday,THE GRUV,20121008,20170616,6,116
37,17712 57A AVE,Wednesday,CLOVERDALE CONDOS,20121008,20170616,4,60
38,2940 KING GEORGE BLVD,Monday,HIGH STREET,20121008,20170616,,414
39,13789 107A AVE,Thursday,QUATTRO 2,20121008,20170616,3,116
40,14960 102A AVE,Friday,MAX,20121008,20170616,3,65
41,13321 102A AVE,Thursday,AGENDA,20121008,20170616,6,135
42,13339 102A AVE,Thursday,ELEMENT,20121008,20170616,6,71
43,13710 102 AVE,Thursday,CENTRAL CITY PLACE,20121008,20170616,1,10
44,14333 104 AVE,Friday,PARK CENTRAL SURREY,20121008,20170616,7,98
45,13380 108 AVE,Thursday,CITY POINT,20121008,20170616,15,457
46,18211 70 AVE,Wednesday,AUGUSTA WALK,20121008,20170616,5,23
47,12088 75A AVE,Tuesday,THE VILLAS AT STRAWBERRY HILLS ,20121008,20170616,6,48
48,19530 65 AVE,Wednesday,WILLOW GRAND,20121008,20170616,6,43
49,8695 160 ST,Wednesday,MONTE ROSA,20121008,20170616,3,56
50,15336 17A AVE,Monday,GEMINI,20121008,20170616,3,40
51,13728 108 AVE,Thursday,QUATTRO 3,20121008,20170616,1,157
52,15428 31 AVE,Monday,HEADWATERS,20121008,20170616,3,62
53,2524 154 ST,Monday,TOTEM HOUSING COOP,20131023,20170616,6,58
54,3355 ROSEMARY HEIGHTS DR,Monday,DE HAMA,20131113,20170616,2,37
55,15008 26 AVE,Monday,SUNNYSIDE VILLAS,20131113,20170616,9,24
56,15275 19 AVE,Monday,VILLAGE TERRACE,20131114,20170616,7,90
57,15130 29A AVE,Monday,THE SANDS,20131114,20170616,14,52
58,15368 17A AVE,Monday,OCEAN WYNDE,20131114,20170616,3,38
59,13788 71 AVE,Tuesday,ALDER GARDENS,20131114,20170616,4,36
60,13740 75A AVE,Tuesday,MIRRA,20131115,20170616,6,71
61,13733 75A AVE,Tuesday,EARLS COURT,20131115,20170616,3,48
62,7555 120A ST,Tuesday,STRAWBERRY HILL APRTMENTS,20131115,20170616,4,64
63,12075 75A AVE,Tuesday,PICS,20131115,20170616,6,54
64,12039 64 AVE,Tuesday,LUXOR,20131115,20170616,6,96
65,5811 177B ST,Wednesday,LATIS,20131115,20170616,1,34
66,5977 177B ST,Wednesday,THE STETSON,20131115,20170616,3,32
67,17775 57 AVE,Wednesday,THE TRELAWNEY,20131118,20170616,3,31
68,10728 GUILDFORD DR,Friday,GUILDFORD CLOSE,20131120,20170616,18,134
69,13909 102 AVE,Thursday,CENTRAL CITY PLACE,20140204,20170616,3,35
70,13618 100 AVE,Thursday,INFINITY TOWERS,20140204,20170616,9,345
71,10237 133 ST,Thursday,ETHICAL GARDENS,20140204,20170616,6,63
72,10157 UNIVERSITY DR,Thursday,SUTTON MANOR,20140204,20170616,3,51
73,10282 132 ST,Thursday,MATTHEW PARK,20140204,20170616,3,16
74,9155 136A ST,Thursday,EVELYN ESTATES,20140204,20170616,6,30
75,13475 96 AVE,Thursday,IVY CREEK,20140204,20170616,3,43
76,9682 134 ST,Thursday,PARKSWOOD ELM,20140204,20170616,6,72
77,13501 96 AVE,Thursday,PARKSWOOD,20140204,20170616,12,72
78,9251 122 ST,Thursday,KENSINGTON GATE,20140204,20170616,15,100
79,9632 120A ST,Thursday,CHANDLERS HILL,20140204,20170616,3,48
80,10743 139 ST,Thursday,VISTA RIDGE NORTH,20140204,20170616,3,44
81,10720 138 ST,Thursday,VISTA RIDGE SOUTH,20140204,20170616,3,32
82,13733 107A AVE,Thursday,QUATTRO,20140204,20170616,8,140
83,10499 UNIVERSITY DR,Thursday,D'COR,20140204,20170616,3,72
84,10455 UNIVERSITY DR,Thursday,D'ACOR,20140204,20170616,3,68
85,13918 72 AVE,Tuesday,UPTON PLACE (NORTH),20140204,20170616,9,60
86,3323 151 ST,Thursday,HARVARD GARDENS LTD,20140904,20170616,7,86
87,10340 127A ST,Thursday,,20170616,20170616,,
88,10363 127B ST,Thursday,,20170616,20170616,,
89,10360 127A ST,Thursday,,20170616,20170616,,
90,10341 127B ST,Thursday,,20170616,20170616,,
91,10320 127A ST,Thursday,,20170616,20170616,,
92,10281 128A ST,Thursday,,20170616,20170616,,
93,9838 WHALLEY BLVD,Thursday,,20170616,20170616,,
94,10135 131 ST,Thursday,,20170616,20170616,,
95,10620 150 ST,Friday,LINCOLN GATE,,20171018,30,336
96,7155 134 ST,Tuesday,EAGLE GLEN,,20170616,5,19
97,13837 100 AVE,Friday,CARRIAGE LANE EST,,20170616,16,144
98,9699 152B ST,Wednesday,JOHNSON COURT,,20170616,3,30
99,11075 136 ST,Thursday,RIVERVIEW APTS,,20170616,3,12
100,8110 120A ST,Tuesday,MAINSTREET,,20170616,3,67
101,19366 65 AVE,Wednesday,LIBERTY,,20170616,6,104
102,13959 16 AVE,Monday,WESTMINSTER HOUSE,,20170616,6,67
103,13609 76 AVE,Tuesday,EPSON DAWNS,,20170616,9,1
104,19320 65 AVE,Wednesday,THE ESPRIT,,20170616,6,104
105,8220 121A ST,Tuesday,BARKERVILLE,,20170616,9,44
106,10515 138 ST,Thursday,,,20170616,3,1
107,10082 148 ST,Friday,THE STANLEY,,20170616,20,424
108,5750 174 ST,Wednesday,STETSON VILLAGE COMPLEX,,20170616,9,24
109,13550 HILTON RD,Thursday,THE SUMMIT,,20170616,3,27
110,12890 17 AVE,Monday,OCEAN PARK,,20170616,6,54
111,13270 105A AVE,Thursday,REGENCY MANOR,,20170616,3,80
112,1828 LILAC DR,Monday,LILAC GREEN,,20170616,6,35
113,7760 120 ST,Tuesday,WINSOME PLACE,,20170616,4,70
114,1787 154 ST,Monday,THE MADISON,,20170616,12,89
115,10138 WHALLEY BLVD,Thursday,FRASER COURT APTS,,20170616,6,153
116,10082 132 ST,Thursday,MELROSE COURT,,20170616,3,75
117,15272 20 AVE,Monday,WINDSOR COURT,,20170616,3,36
118,15350 105 AVE,Friday,ARBORETUM,,20170616,6,35
119,8115 121A ST,Tuesday,THE CROSSINGS,,20170616,4,66
120,15255 18 AVE,Monday,COURTYARD,,20170616,4,43
121,12725 63 AVE,Tuesday,NEWTON GREEN,,20170616,6,52
122,15077 20 AVE,Monday,PENINSULA HOUSING,,20180125,14,70
123,13723 CRESCENT RD,Monday,STEWART FARM,,20180125,2,1
124,2167 152 ST,Monday,MUIRFIELD GARDENS,,20180125,5,38
125,15722 MCBETH RD,Monday,ALDERWOOD,,20180125,39,152
126,15282 19 AVE,Monday,PARKVIEW,,20180125,6,78
127,2151 151A ST,Monday,KUMAKEN APTS,,20180125,3,34
128,1720 SOUTHMERE CR,Monday,CAPSTON WAY,,20180125,8,51
129,1850 SOUTHMERE CR E,Monday,SOUTHMERE PLACE,,20180125,21,170
130,1840 SOUTHMERE CR,Monday,SOUTHMERE PLACE,,20180125,3,42
131,15110 26 AVE,Monday,SUNNYSIDE VILLAS,20131113,20180125,1,20
132,2088 152 ST,Monday,PENNINSULA RESORT RETIREMENT,20131113,20180125,6,127
133,15145 36 AVE,Monday,EDGEWATER,20131114,20180125,6,51
134,2229 152 ST,Monday,SEMIAHMOO COURT,20170616,20180125,1,
135,1367 128 ST,Monday,KWOMAIS LODGE,20180125,20180125,2,
136,1845 154 ST,Monday,SUNNYSIDE HALL,20180125,20180125,1,
137,12160 BEECHER ST,Monday,BEECHER PLACE,20180125,20180125,1,
138,3530 144 ST,Monday,ELGIN CENTRE,20180125,20180125,1,
139,15060 66A AVE,Tuesday,HARVEST LANE,,20180125,3,8
140,15020 66A AVE,Tuesday,SULLIVAN MEWS,,20180125,7,90
141,14355 57 AVE,Tuesday,RCMP,,20180125,3,1
142,6651 148 ST,Tuesday,WORKS YARD TOTERS,,20180125,7,1
143,2845 156 ST,Monday,THE HEIGHTS TOWER,20180125,20180125,1,
144,16855 24 AVE,Monday,GRANDVIEW HEIGHTS,20180125,20180125,2,
145,2016 176 ST,Monday,FIRE HALL 14,20180125,20180125,5,1
146,13742 72 AVE,Tuesday,SPL LIBRARY ADMINISTRATION,,20180125,2,1
147,13730 72 AVE,Tuesday,NEWTON WAVE POOL,,20180125,1,1
148,8078 KING GEORGE BLVD,Tuesday,BRAESIDE,,20180125,5,23
149,13905 70 AVE,Tuesday,UPTON PLACE SOUTH,,20180125,6,139
150,7505 138 ST,Tuesday,MIDTOWN VILLAS,,20180125,3,54
151,7141 122 ST,Tuesday,KIRKBRIDGE PLACE,,20180125,3,24
152,13990 74 AVE,Tuesday,WEDGEWOOD ESTATES,,20180125,22,140
153,13750 88 AVE,Tuesday,SURREY ARTS CENTER,,20180125,3,1
154,10584 153 ST,Friday,GLENWOOD VILLAGE,,20170616,6,52
155,17700 58 AVE,Wednesday,ELIZABETH MANOR,,20170616,3,25
156,13262 72 AVE,Tuesday,GLYN HAVEN,,20170616,6,1
157,17788 57 AVE,Wednesday,THE BENBURY,,20170616,3,35
158,13330 70B AVE,Tuesday,SUNCREEK,,20170616,3,0
159,15338 18 AVE,Monday,PARKVIEW GARDENS,,20170616,3,21
160,13364 102 AVE,Thursday,THORNBURY MANOR,,20170616,3,53
161,12733 72 AVE,Tuesday,SAVOY,,20170616,18,126
162,19528 FRASER HWY,Wednesday,THE FAIRMOUNT,,20170616,8,110
163,6747 137 ST,Tuesday,PRIMROSE,,20170616,3,39
164,15375 17 AVE,Monday,CARMEL PLACE,,20170616,3,21
165,14918 108 AVE,Friday,REGENT PLACE,,20170616,6,101
166,14831 104 AVE,Friday,GREENWOOD GARDENS,,20170616,4,183
167,9825 140 ST,Thursday,GREEN TIMBERS #2,,20170616,3,57
168,7838 120A ST,Tuesday,CAMUS GARDENS,,20170616,10,48
169,10626 151A ST,Friday,LINCOLN HILL,,20170616,30,100
170,13771 72A AVE,Tuesday,NEWTON PLAZA,,20170616,6,27
171,1952 152A ST,Monday,CHATEAU GRACE,,20170616,3,29
172,13630 84 AVE,Tuesday,TRAILS AT BEAR CREEK,,20170616,22,114
173,2239 152 ST,Monday,SEMIAHMOO EST,,20170616,6,58
174,13032 104 AVE,Thursday,PARKSIDE APTS,,20170616,3,8
175,15840 84 AVE,Wednesday,FLEETWOOD GABLE,,20170616,6,51
176,10038 150 ST,Friday,MAYFAIR GREEN,,20170616,9,111
177,15290 18 AVE,Monday,STRATFORD,,20170616,3,21
178,13939 LAUREL DR,Thursday,KING GEORGE MANOR,,20170616,6,81
179,7540 138 ST,Tuesday,PARKWOOD,20131115,20180125,3,14
180,7399 122 ST,Tuesday,STRAWBERRY HILL LIBRARY,20140204,20180125,1,1
181,13795 70 AVE,Tuesday,NEWTON LIBRARY,20140204,20180125,2,1
182,7156 121 ST,Tuesday,GLENWOOD VILLAGE,20171023,20180125,4,
183,7011 134 ST,Tuesday,GREENBROOK,20171023,20180125,21,
184,12125 75A AVE,Tuesday,STRAWBERRY HILL ESTATES 2,,20180125,6,62
185,7775 120A ST,Tuesday,JENNINGS PLACE,,20180125,3,52
186,7435 121A ST,Tuesday,STRAWBERRY HILL ESTATES 1,,20180125,5,65
187,6247 121 ST,Tuesday,BOUNDARY PARK GARDENS,,20180125,3,54
188,12101 80 AVE,Tuesday,SURREY TOWN MANOR,,20180125,5,94
189,8142 120A ST,Tuesday,STERLING COURT,,20180125,"4
4",75
190,6445 120 ST,Tuesday,SUNSET GROVE 2,,20180125,5,25
191,12110 80 AVE,Tuesday,LA COSTA GREEN,,20180125,13,150
192,6557 121 ST,Tuesday,LAKEWOOD TERRACE,,20180125,6,103
193,16068 83 AVE,Wednesday,FLEETWOOD GARDENS,,20180125,3,46
194,17445 57 AVE,Wednesday,RODEO PARK,,20180125,6,1
195,9688 148 ST,Friday,HARTFORD WOOD,,20180125,20,236
196,10308 155A ST,Wednesday,PADDINGTON PLACE,,20180125,3,22
197,18915 64 AVE,Wednesday,FIRE HALL 15,,20180125,1,1
198,14861 98 AVE,Wednesday,THE MANSION,,20180125,9,74
199,8091 164 ST,Wednesday,FIRE HALL 18,,20180125,1,1
200,17700 60 AVE,Wednesday,CLOVERPARK GARDENS,,20180125,9,111
201,6220 184 ST,Wednesday,DON CHRISTIAN RECREATION CENTRE,,20180125,1,1
202,9049 152 ST,Wednesday,FIRE HALL 6,,20180125,1,1
203,10186 155 ST,Wednesday,THE SOMMERSET,,20180125,12,116
204,5906 176A ST,Wednesday,WYNDHAM ESTATES,,20180125,"2
2",93
205,17710 56A AVE,Wednesday,SURREY MUSEUM,,20180125,2,1
206,9353 160 ST,Wednesday,NORTH DEPOT,,20180125,2,1
207,5668 176A ST,Wednesday,LA PARISA,,20180125,3,11
208,17222 57 AVE,Wednesday,LA CASA CO-OP,,20180125,8,40
209,9970 148 ST,Wednesday,HIGHPOINT GARDENS,,20180125,6,72
210,9910 148 ST,Wednesday,HIGHPOINT COURT,,20180125,6,54
211,9940 151 ST,Wednesday,WESTCHESTER PLACE,,20180125,42,154
212,5642 176A ST,Wednesday,CLOVERDALE LIBRARY,,20180125,2,1
213,10128 132 ST,Thursday,MELROSE GARDENS,,20170616,3,58
214,14885 100 AVE,Friday,THE DORCHESTER,,20170616,4,63
215,14915 100 AVE,Friday,FOREST MANOR #2,,20170616,15,172
216,16065 83 AVE,Wednesday,FAIRFIELD HOUSE,,20170616,7,35
217,17695 58 AVE,Wednesday,CARRIAGE HOUSE,,20170616,3,38
218,15002 26 AVE,Monday,SUNNYSIDE,,20170616,3,30
219,17719 58A AVE,Wednesday,KOLUMBIA GARDEN,,20170616,3,39
220,13947 68 AVE,Tuesday,HYDLAND VILLAGE,,20170616,6,43
221,9821 140 ST,Thursday,GREEN TIMBERS,,20170616,3,51
222,13843 100 AVE,Thursday,THE ODESSEY,,20170616,4,10
223,9328 122 ST,Thursday,WELLINGTON EST,,20170616,4,2
224,15464 89A AVE,Wednesday,AVONDALE,,20170616,12,80
225,14105 104 AVE,Friday,HAWTHORNE PARK,,20170616,18,133
226,13915 72 AVE,Tuesday,NEWTON PARK,,20170616,9,82
227,1630 154 ST,Monday,CARLTON APARTMENT,,20170616,8,53
228,15300 17 AVE,Monday,CAMBRIDGE #2,,20170616,10,56
229,12176 82 AVE,Tuesday,WESTLAND,,20170616,6,60
230,14980 101A AVE,Friday,CARTIER PLACE,,20170616,8,38
231,7521 140 ST,Tuesday,GLENVIEW ESTATES,,20170616,12,37
232,8068 120A ST,Tuesday,MELROSE PLACE,,20170616,6,128
233,1821 SOUTHMERE CRES,Monday,SOMERSET,,20170616,3,66
234,14988 101A AVE,Friday,CARTIER PLACE,,20170616,6,36
235,2855 152 ST,Monday,TRADEWINDS,,20170616,3,35
236,15827 ALDER PL,Monday,ALDER PLACE,,20170616,12,44
237,14981 101A AVE,Friday,CARTIER PLACE #1,,20170616,10,72
238,14881 103A AVE,Friday,SUN WEST ESTATES,,20170616,6,122
239,1653 140 ST,Monday,WHITE ROCK BAPTIST,,20170616,6,116
240,10125 156 ST,Friday,GUILDFORD HOUSING,,20170616,12,62
241,9771 152B ST,Wednesday,TURNBERRY PLACE,,20170616,6,29
242,10320 156 ST,Wednesday,KINGSBROOK,,20180125,6,44
243,15996 84 AVE,Wednesday,FLEETWOOD LIBRARY,,20180125,4,1
244,9952 149 ST,Wednesday,TALL TIMBERS,,20180125,5,45
245,17572 57 AVE,Wednesday,FIRE HALL 8,,20180125,1,1
246,15238 100 AVE,Wednesday,CEDAR GROVE APTS,,20180125,11,153
247,16555 FRASER HWY,Wednesday,SURREY SPORTS & LEISURE COMPLEX,,20180125,4,2
248,6815 188 ST,Wednesday,COMPASS,20121008,20180125,6,104
249,8717 160 ST,Wednesday,VERNAZZA,20121008,20180125,5,57
250,15322 101 AVE,Wednesday,ASCADA,20121008,20180125,6,173
251,6430 194 ST,Wednesday,THE WATERSTONE,20121008,20180125,14,212
252,15915 84 AVE,Wednesday,CATHEDRAL,20121008,20180125,3,33
253,18818 68 AVE,Wednesday,CALERA,20121008,20180125,9,166
254,5875 177B ST,Wednesday,SHERWOOD APARTMENTS,20131115,20180125,3,40
255,6188 176 ST,Wednesday,CLOVERDALE REC CENTER,20140204,20180125,1,1
256,17944 COLEBROOK RD,Wednesday,SURREY ANIMAL SHELTER,20140204,20180125,1,1
257,19201 66A AVE,Wednesday,ONE92,20140204,20180125,5,72
258,17727 58 AVE,Wednesday,SHANNONS GATE,20140204,20180125,6,71
259,16370 64 AVE,Wednesday,THE RIDGE AT BOSE FARMS,20170105,20180125,1,253
260,15956 86A AVE,Wednesday,ASCEND,20170616,20180125,4,
261,15956 86A AVE,Wednesday,ASCEND,20171019,20180125,4,
262,18513 70 AVE,Wednesday,CLAYTON HALL,20180125,20180125,1,
263,6004 GREENSIDE DR W,Wednesday,GREENSIDE ESTATES,20180125,20180125,40,
264,9839 138 ST,Thursday,FRASERVIEW APARTMENTS,,20180126,3,18
265,14225 GREEN TIMBERS WAY,Thursday,SURREY NATURE CENTRE,20140204,20180126,2,1
266,13883 LAUREL DR,Thursday,EMERALD HEIGHTS,20170616,20180126,4,
267,13871 LAUREL DR,Thursday,CHELSEA PLACE,,20180126,3,36
268,15142 FRASER HWY,Wednesday,STS INVESTMENTS,,20180126,3,13
269,13525 96 AVE,Thursday,ARBUTUS,,20180126,1,37
270,9635 121 ST,Thursday,CHANDLERS HILL,,20180126,3,69
271,10732 CITY PARKWAY,Thursday,SURREY FOOD BANK,,20180126,1,0
272,10130 139 ST,Thursday,GLENDALE,,20180126,7,38
273,11030 RAVINE RD,Thursday,KINGSMEN RAVINE,,20180126,4,30
274,10678 138A ST,Thursday,CRESTVIEW COURT,,20180126,7,52
275,13696 100 AVE,Thursday,PARK WEST,20180126,20180126,1,
276,11475 126A ST,Thursday,BRIDGEVIEW COMMUNITY CENTRE,20180126,20180126,1,
277,13880 101 AVE,Thursday,ODESSY TOWERS,,20180126,7,109
278,5909 177B ST,Wednesday,CARRIAGE COURT,,20170616,3,20
279,15150 29A AVE,Monday,THE SANDS,,20170616,9,59
280,15110 108 AVE,Friday,RIVER POINTE,,20170616,18,266
281,1851 SOUTHMERE CRES,Monday,SOMERSET GARDEN,,20170616,3,53
282,12102 92 AVE,Thursday,SOLSTICE CO OP,,20170616,6,34
283,9450 128 ST,Thursday,PACIFIC PARK,,20170616,15,288
284,15885 84 AVE,Wednesday,ABBEY ROAD,,20170616,8,94
285,1635 MARTIN DR,Monday,BARCLAY ARMS,,20170616,36,180
286,1760 SOUTHMERE CR,Monday,CAPSTON WAY,,20170616,8,57
287,13686 107A AVE,Thursday, ,,20170616,3,10
288,13302 102A AVE,Thursday,VILLAGE SRY PLACE,,20170616,12,39
289,7561 140 ST,Tuesday,SOHEYA,,20170616,6,33
290,10530 154 ST,Thursday,CREEKSIDE PLACE,,20170616,3,27
291,1702 LILAC DR,Monday,ALDERWOOD,,20170616,6,36
292,1705 MARTIN DR,Monday,SOUTHWIND,,20170616,15,176
293,1881 SOUTHMERE CR,Monday,SOMERSET GARDEN,,20170616,3,47
294,15915 ALDER PL,Monday,ALDER PLACE,,20170616,8,33
295,7155 HALL RD,Tuesday,CEDAR TREE VILLAGE,,20170616,10,228
296,13927 68 AVE,Tuesday,HYDLAND VILLAGE,,20170616,3,33
297,6502 135 ST,Tuesday,FELLOWS SENIORS COMPLEX,,20170616,6,56
298,10011 150 ST,Friday,CUMBERLAND PARK,,20170616,5,23
299,9801 KING GEORGE BLVD,Thursday,SURREY VILLAGE APT,,20170616,18,170
300,9979 140 ST,Thursday,SHERWOOD GREEN,,20170616,6,120
301,9537 PRINCE CHARLES BLVD,Thursday,PRINCE CHARLES BLVD,,20170616,3,31
302,7027 134 ST,Tuesday,SUNCREEK,,20170616,8,14
303,7575 140 ST,Tuesday,NISTA GREEN,,20170616,5,47
304,7297 138 ST,Tuesday,VILLAGE UMBERTO,,20170616,5,62
305,12854 17 AVE,Monday,OCEAN PARK LIBRARY,,20180126,2,1
306,13895 102 AVE,Friday,WYNDHAM,,20180126,3,62
307,15329 32 AVE,Monday,FIRE HALL 17,,20180126,1,1
308,9672 134 ST,Thursday,DOGWOOD,,20180126,1,144
309,13507 96 AVE,Thursday,BALSAM - PARKWOODS,,20180126,1,129
310,13490 HILTON RD,Thursday,HILTON MANOR,,20180126,3,12
311,10965 136 ST,Thursday,GATEWAY PLACE APTS,20121008,20180126,1,
312,13688 100 AVE,Thursday,PARK PLACE TOWERS,20121008,20180126,24,349
313,13858 102 AVE,Thursday,GLENDALE VILLAGE,20140204,20180126,6,84
314,10720 KING GEORGE BLVD,Thursday,NORTH SURREY OFFICE,20140204,20180126,1,1
315,13393 BARKER ST,Thursday,GRAND LANE,20140204,20180126,3,3
316,13919 FRASER HWY,Thursday,THE VERVE,20140904,20180126,10,198
317,10378 133 ST,Thursday,THE WAVE,20161229,20180126,4,236
318,13750 100 AVE,Thursday,PARK AVENUE,20170105,20180126,12,655
319,10290 133 ST,Thursday,ULTRA,20170616,20180126,5,
320,13228 OLD YALE RD,Thursday,CONNECT,20170616,20180126,6,
321,10188 WHALLEY BLVD,Thursday,SKYVIEW MANOR,20171019,20180126,1,
322,13226 104 AVE,Friday,WEST GATE MANOR,,20180126,3,25
323,15030 101 AVE,Friday,GUILDFORD TOWERS,,20180126,16,180
324,10899 UNIVERSITY DR,Friday,OBSERVATORY,,20180126,9,127
325,2610 128 ST,Monday,FIRE HALL 12,,20180126,1,1
326,13929 101 AVE,Friday,SKYLINE APTS,,20180126,16,102
327,13530 72 AVE,Tuesday,NEWTON CULTURAL CENTRE,,20180126,1,1
328,14904 64 AVE,Tuesday,FIRE HALL 9,,20180126,3,1
329,13079 104 AVE,Thursday,FIRE HALL 2,,20180126,1,1
330,10800 152 ST,Friday,WOODBRIDGE,,20180126,8,82
331,10772 142A ST,Friday, ,,20180126,3,1
332,8767 132 ST,Tuesday,FIRE HALL 1,,20180126,3,1
333,10042 176 ST,Friday,FIRE HALL 5,,20180126,2,1
334,14586 108 AVE,Friday,FIRE HALL 4,,20180126,1,1
335,10567 150 ST,Friday,IMPERIAL PINE,,20180126,6,204
336,12951 106 AVE,Thursday,KWANTLEN PARK,,20180126,"3
3",1
337,13775 70 AVE,Tuesday,NEWTON SENIOR CENTER,,20180126,1,1
338,10736 150 ST,Friday,BON TERRA,,20180126,13,331
339,15105 105 AVE,Friday,GUILDFORD REC CENTRE,,20180126,11,1
340,10420 148 ST,Friday,BONACORD APARTMENTS,,20180126,3,21
341,12863 60 AVE,Tuesday,FIRE HALL 11,,20180126,2,1
342,10588 160 ST,Friday,FRASER HEIGHTS,,20180126,2,1
343,7560 138 ST,Tuesday,PARKSIDE,,20170616,9,26
344,6438 KING GEORGE BLVD,Tuesday,STONEY CREEK,,20170616,6,28
345,14885 105 AVE,Friday,REVIVA,,20170616,4,63
346,13784 101 AVE,Thursday,BURNSIDE APT,,20170616,3,56
347,10045 154 ST,Thursday,HEATHERTON,,20170616,3,38
348,13265 104 AVE,Thursday,ELIZABETH MANOR,,20170616,6,54
349,1725 128 ST,Monday,OCEAN PARK GARDENS,,20170616,4,33
350,14788 105A AVE,Friday,CORONATION PARK,,20170616,3,8
351,9232 121 ST,Thursday,SPRUCE CO OP,,20170616,12,101
352,14998 101A AVE,Friday,CARTIER PLACE,,20170616,5,36
353,16350 14 AVE,Monday,WESTWIND,,20170616,5,30
354,10525 150 ST,Friday,EVERGREEN ESTATES,,20170616,6,206
355,8139 121A ST,Tuesday,BIRCHES,,20170616,9,67
356,14188 103A AVE,Friday,ASHBURY LANE,,20170616,6,38
357,16180 86 AVE,Wednesday,FLEETWOOD GATES,,20170616,4,32
358,9072 FLEETWOOD WAY,Wednesday,WYNDRIDGE,,20170616,3,38
359,13530 HILTON RD,Thursday,HILTON HOUSE,,20170616,3,35
360,7151 121 ST,Tuesday,HIGHLAND #1,,20170616,12,186
361,7420 121A ST,Tuesday,KEKINEN HOUSING,,20170616,3,35
362,1740 SOUTHMERE CR,Monday,CAPSTON WAY,,20170616,8,57
363,15325 17 AVE,Monday,BERKSHIRE PLACE,,20170616,3,29
364,13350 OLD YALE RD,Thursday,TED KUNN TOWERS,,20170616,15,438
365,5956 176A ST,Wednesday,SOUTHDALE MANOR,,20170616,6,50
366,9105 FLEETWOOD WAY,Wednesday,LEXINGTON SQUARE,,20170616,12,62
367,5955 177B ST,Wednesday,WINDOR PLACE,,20170616,3,36
368,13325 105 AVE,Thursday,REGENCY SQUARE,,20180126,3,83
369,13352 105A AVE,Thursday,,,20180126,1,1
370,10611 150 ST,Friday,MAPLE PLACE/BIRCH,,20180126,17,250
371,1739 148 ST,Monday,S.SURREY POOL,,20180126,2,1
372,10788 139 ST,Friday,AURA,,20180126,5,79
373,12745 103 AVE,Thursday,HILLSIDE,,20180126,4,12
374,14840 108 AVE,Friday,BROOKMERE GARDEN,,20180126,6,88
375,10505 171 ST,Friday,NEWFIELD ESTATES,,20180126,4,26
376,2199 148 ST,Monday,SOUTH SURREY REC CENTRE,,20180126,4,2
377,10181 149 ST,Friday,BELAIRE APTS,,20180126,11,140
378,13619 BENTLEY RD,Friday,WILLOW GLEN #1,,20180126,8,47
379,10520 132 ST,Thursday,REGENCY PARK GARDENS,,20180126,3,80
380,13555 GATEWAY DR,Friday,EVO,20121008,20180126,6,75
381,13399 104 AVE,Friday,D'CORIZE,20121008,20180126,9,180
382,13468 KING GEORGE BLVD,Friday,BOULEVARD,20121008,20180126,1,91
383,15210 GUILDFORD DR,Friday,THE BOULEVARD 1 & 2,20131120,20180126,15,137
384,10395 148 ST,Friday,GUILDFORD RCMP OFFICE,20140204,20180126,1,1
385,13458 107A AVE,Friday,CHUCK BAILEY REC CENTRE,20140204,20180126,3,1
386,10523 UNIVERSITY DR,Thursday,PARKVIEW COURT,20140204,20180126,6,66
387,10235 128 ST,Thursday,ST. HELENS PARK,20140204,20180126,6,61
388,10272 127A ST,Thursday,MIDTOWN VILLA,20140204,20180126,8,160
389,5732 176A ST,Wednesday,RCMP CLOVERDALE OFFICE,20140204,20180126,1,1
390,6022 176 ST,Wednesday,CLOVERDALE MUSEUM/SENIOR CENTER,20140204,20180126,8,1
391,18885 88 AVE,Wednesday,PORT KELLS LIBRARY,20140204,20180126,1,1
392,7278 132 ST,Tuesday,FIRE HALL 10,20140204,20180126,1,1
393,14245 56 AVE,Tuesday,SURREY CITY HALL,20140204,20180126,30,1
394,7235 137 ST,Tuesday,NEWTON RCMP OFFICE,20140204,20180126,1,1
395,1815 152 ST,Monday,SEMIAHMOO LIBRARY,20140204,20180126,4,1
396,14250 CRESCENT RD,Monday,ELGIN COMMUNITY HALL,20140205,20180126,1,1
397,16824 32 AVE,Monday,KENSINGTON PRAIRIE COMMUNITY CENTRE,20140205,20180126,4,1
398,10277 CITY PARKWAY,Thursday,PARKS AND REC,20140205,20180126,3,1
399,10275 UNIVERSITY DR,Thursday,NORTH SURREY REC CENTRE,20140205,20180126,3,1
400,10350 UNIVERSITY DR,Thursday,CITY CENTRE LIBRARY,20140205,20180126,1,1
401,15388 105 AVE,Friday,G3 RESIDENCES,20140904,20180126,1,155
402,15168 33 AVE,Monday,ELGIN HOUSE,20170104,20180126,8,137
403,15875 84 AVE,Wednesday,ABBEY ROAD,,20170616,8,26
404,15090 101 AVE,Friday,SRY/LEONARD SHEPARD MANOR,,20170616,3,102
405,13570 HILTON RD,Thursday,PANORAMA,,20170616,3,13
406,6935 122 ST,Tuesday,HUNTER HILL,,20170616,6,40
407,14810 101A AVE,Friday,GUILFORD GLEN,,20170616,8,79
408,9299 121 ST,Thursday,HUNTINGTON GATE,,20170616,6,51
409,14921 104 AVE,Friday,ASHLEY COURT,,20170616,4,150
410,15366 17 AVE,Monday,PACIFIC CARLTON,,20170616,5,76
411,10125 131 ST,Thursday, ,,20170616,3,4
412,7426 138 ST,Tuesday,GLENCOE ESTATES,,20170616,54,120
413,10500 HOLLY PARK LANE,Friday,HOLLY PARK LANE,,20170616,17,1
414,10438 148 ST,Friday,GUILDFORD GREEN,,20170616,6,90
415,9727 152B ST,Wednesday,WESTWOOD EST,,20170616,6,28
416,15133 29A AVE,Monday,STONEWOODS,,20170616,12,77
417,15323 17A AVE,Monday,SEMIAHMOO PLACE,,20170616,3,29
418,7115 134 ST,Tuesday,GLEN BRAE,,20170616,5,20
419,9177 154 ST,Wednesday,CHANTILLY LANE,,20170616,4,24
420,16335 14 AVE,Monday,PEBBLE CREEK,,20170616,8,43
421,8972 FLEETWOOD WAY,Wednesday,PARKRIDGE GARDENS,,20170616,4,36
422,6363 121 ST,Tuesday,REGENCY,,20170616,3,36
423,12083 92A AVE,Thursday,TAMERON,,20170616,4,85
424,14820 104 AVE,Friday,CAMELOT TOWERS,,20170616,8,100
425,7475 138 ST,Tuesday,CARDINAL COURT,,20170616,3,39
426,13435 104 AVE,Thursday,MAYFLOWER CO OP,,20170616,6,92
427,10425 150 ST,Friday,GROSVENOR ARMS,,20170616,6,110
428,12633 72 AVE,Tuesday,COLLEGE PARK,,20170616,4,66
429,13388 104 AVE,Friday,UNIVERSITY DISTRICT - ALUMNI TOWER,20170105,20180126,12,310
430,15155 18 AVE,Monday,FIRE HALL 13,20170615,20180126,1,1
431,103450 UNIVERSITY DR,Friday,CITY HALL,20170615,20180126,1,1
432,15270 17 AVE,Monday,CAMBRIDGE #1,20170616,20180126,1,
433,1830 SOUTHMERE CR E,Monday,SOUTHMERE MEWS,20170616,20180126,1,
434,10866 CITY PARKWAY,Friday,ACCESS,20171019,20180126,15,
435,7120 136B ST,Tuesday,NEWTON ARENA AND COMMUNITY CENTRE,20180125,20180126,1,
436,12885 85 AVE,Tuesday,12885 85 AVE,20180125,20180126,5,
437,15299 17A AVE,Monday,FLAGSTONE WALK,,20170616,3,36
438,9520 127 ST,Thursday,IMPERIAL PARK,,20170616,6,200
439,6537 138 ST,Tuesday,CHARLESON GREEN,,20170616,6,57
440,15153 98 AVE,Wednesday,GLENWOOD VILLAGE,,20170616,8,51
441,10202 149 ST,Friday,CEDAR LODGE,,20170616,11,138
442,13275 70B AVE,Tuesday,SUNCREEK,,20170616,21,301
443,7175 134 ST,Tuesday,SHEERWOOD MANOR,,20170616,3,33
444,9830 WHALLEY BLVD,Thursday,BALMORE TOWERS,,20170616,7,121
445,15550 26 AVE,Monday,SUNNYSIDE GATE,,20170616,12,68
446,6385 121 ST,Tuesday,BOUNDARY PARK PL,,20170616,3,34
447,15555 16 AVE,Monday,SANDRINGHAM,,20170616,5,52
448,15215 105 AVE,Friday,GUILDFORD MEWS,,20170616,16,162
449,8881 142A ST,Tuesday,COVERLANT VILLAGE,,20170616,4,28
450,10662 151A ST,Friday,LINCOLN HILL,,20170616,30,100
451,7011 134 ST,Tuesday,PARK GLEN,,20170616,3,10
452,11022 136 ST,Thursday,WILLOW GLEN #2,,20170616,3,0
453,9088 HOLT RD,Thursday,ASHLEY GROVE,,20170616,5,58
454,13301 104 AVE,Thursday,BRISTOL ESTATES,,20170616,9,154
455,15155 22 AVE,Monday,VILLA PACIFIC,,20170616,8,42
456,13811 101 AVE,Thursday,SUTTON PLACE,,20170616,9,83
457,9400 128 ST,Thursday,CEDAR HILLS,,20170616,3,23
458,10030 137A ST,Thursday,BROOKFIELD MANOR,,20170616,5,57
459,10722 133 ST,Thursday,SUNSHINE HOUSING,,20170616,3,39
460,14440 108 AVE,Friday,COUNTRY SQUARE #1,,20170616,15,112
461,5772 177B ST,Wednesday,CLOVERDALE APTS,,20170616,3,79
462,9320 128 ST,Thursday,SURREY MEADOWS,,20170616,12,6
463,9852 151 ST,Wednesday,THE ORCHARD,,20170616,12,75
464,9644 134 ST,Thursday,FIR APTS,,20170616,4,48
465,12615 72 AVE,Tuesday,KWANTLEN PARK,,20170616,3,39
466,15328 100 AVE,Wednesday,KINGSTON PLACE #4,,20170616,8,44
467,9883 140 ST,Thursday,JESSICA PLACE,,20170616,8,40
468,10050 137A ST,Thursday,CAMDEN COURT,,20170616,3,34
469,15243 99 AVE,Wednesday,KINGSTON PLACE #1,,20170616,24,144
470,15353 100 AVE,Wednesday,COS/ THE SOUL OF GUILDFORD,,20170616,6,88
471,14666 105A AVE,Friday,DONCASTER,,20170616,3,42
472,10698 151A ST,Friday,LINCOLN HILL,,20170616,15,63
473,15298 20 AVE,Monday,WATERFORD,,20170616,2,37
474,6875 121 ST,Tuesday,GLENWOOD VILLAGE,,20170616,8,100
475,15241 18 AVE,Monday,CRANBERRY,,20170616,4,43
476,9865 140 ST,Thursday,FRASER COURT,,20170616,6,22
477,15340 19A AVE,Monday,STRATFORD GARDENS,,20170616,12,125
478,13344 102A AVE,Thursday,TOTERS,,20170616,9,47
479,13370 KING GEORGE BLVD,Thursday,CEDAR GARDENS,,20170616,11,76
480,13860 70 AVE,Tuesday,CHELSEA GARDENS,,20170616,18,395
481,13245 104 AVE,Thursday,ASHIRA COURT,,20170616,3,41
482,10668 138 ST,Thursday,CRESTVIEW GARDENS,,20170616,7,52
483,15258 105 AVE,Friday,GEORGIAN GARDENS,,20170616,6,108
484,8243 152 ST,Wednesday,AMOS FERGUSON MANOR,,20170616,3,51
485,14355 103 AVE,Friday,CLARIDGE COURT,,20170616,9,48
486,5850 177B ST,Wednesday,DOGWOOD GARDENS,,20170616,12,86
487,13727 74 AVE,Tuesday,KING'S COURT,,20170616,8,60
488,13910 101 AVE,Thursday,BREEZEWAY,,20170616,3,48
489,7002 138 ST,Tuesday,BIRCH HOUSING,,20170616,7,54
490,13478 HILTON RD,Thursday,HILTON MANOR,,20170616,3,13
491,15350 16A AVE,Monday,OCEAN BAY VILLAS,,20170616,12,157
492,12045 93A AVE,Thursday,SCOTT CEDAR #5,,20170616,12,24
493,13528 96 AVE,Thursday,KING GEORGE TOWNHOMES,,20170616,7,39
